task_id,official_outcome,capture_id,episode_id,node_id,checkpoint_kind,cutoff_step,public_test_outcome,public_green_verifier,semantic_completion,knowledge_references,capture_path
swebench--astropy__astropy-12318,UNRESOLVED,20f1922e0a74cde8fe9dc69d5f6f0a8c21a75559910d97b865afea7f774bf7b8,episode:266c4e2f02569f9950d760c80ad5f818c4a6bd9b087bcb71e2b8eb61901b3aee,dimensionless-flux,COMPLETED_SUBGOAL,22,,False,True,12,/home/trimem-runner/skhynix-architecture-scale-001/pipeline-v13/learning-240/captures/20f1922e0a74cde8fe9dc69d5f6f0a8c21a75559910d97b865afea7f774bf7b8.json
swebench--astropy__astropy-12318,UNRESOLVED,cae3c644e901e03e541959b624398fb1d0794df7e5301e41d0441c9dca134b2b,episode:9e7ddd9a7881aef7fbaec4fe61fbc0f2c1315d57c3021754d2f19c3bd3557c16,scale-compatibility,COMPLETED_SUBGOAL,36,,False,True,0,/home/trimem-runner/skhynix-architecture-scale-001/pipeline-v13/learning-240/captures/cae3c644e901e03e541959b624398fb1d0794df7e5301e41d0441c9dca134b2b.json
swebench--astropy__astropy-13390,UNRESOLVED,af75a75f39de3f18e62e3fa6e576527208956267831577f2635d2eefa3f45eb7,episode:91addc65519763ad8a4fa51fe057124ef452d15dc36cb0c8798801d2d4ac829e,string-comparisons,COMPLETED_SUBGOAL,31,,False,True,2,/home/trimem-runner/skhynix-architecture-scale-001/pipeline-v13/learning-240/captures/af75a75f39de3f18e62e3fa6e576527208956267831577f2635d2eefa3f45eb7.json
swebench--astropy__astropy-13390,UNRESOLVED,3a62c655ab16ad78ade2ce950fb38c309790be972a3957aaca76a22077cdc634,episode:36fc52f7ef1c63b0089d628d2a08668694f6abe4c250f92fc75966af47d9992b,mask-regressions,COMPLETED_SUBGOAL,51,,False,True,0,/home/trimem-runner/skhynix-architecture-scale-001/pipeline-v13/learning-240/captures/3a62c655ab16ad78ade2ce950fb38c309790be972a3957aaca76a22077cdc634.json
swebench--astropy__astropy-13404,RESOLVED,e951bc6933c5223d84166b83a0837d370a2be60fa8b4f1b8a84305cddd0630ae,episode:d2d9ec20680bdfbe5766a656767add61a2c8992e45fd09b2f76d24afcb3fd767,structured-format,PUBLIC_TEST_OBSERVATION,32,RED,False,False,5,/home/trimem-runner/skhynix-architecture-scale-001/pipeline-v13/learning-240/captures/e951bc6933c5223d84166b83a0837d370a2be60fa8b4f1b8a84305cddd0630ae.json
swebench--astropy__astropy-13404,RESOLVED,0091f31875abccf693b67005b7d4ff36b370e3b4a1b8a8b982465564e03af1fd,episode:b9c6c9f520ee5195bcb9d0dc59437062aa9dd82e5e60efcdb2920652e4e02a98,structured-format,PUBLIC_TEST_OBSERVATION,37,GREEN,True,False,5,/home/trimem-runner/skhynix-architecture-scale-001/pipeline-v13/learning-240/captures/0091f31875abccf693b67005b7d4ff36b370e3b4a1b8a8b982465564e03af1fd.json
swebench--astropy__astropy-13404,RESOLVED,5a32151abaec2c135fe4d3b90fd9eb80ac061645c1d1ffbe788c2bd2c9541a58,episode:e4a2818f202a88a3587ffbbc7c9e58f5d2f51511ebc3b1028bf94bc8adfecfd7,structured-format,COMPLETED_SUBGOAL,42,,False,True,5,/home/trimem-runner/skhynix-architecture-scale-001/pipeline-v13/learning-240/captures/5a32151abaec2c135fe4d3b90fd9eb80ac061645c1d1ffbe788c2bd2c9541a58.json
swebench--astropy__astropy-13404,RESOLVED,52c0d3e3d302e7c46f3c1c01ba3df0689866bcf79f2ad0053671091001b58ee8,episode:590e58f0fbdc465bfa6ece83060b6cf3a851192ce33627cd098ba1d9ed74feb5,format-compatibility,PUBLIC_TEST_OBSERVATION,55,GREEN,True,False,0,/home/trimem-runner/skhynix-architecture-scale-001/pipeline-v13/learning-240/captures/52c0d3e3d302e7c46f3c1c01ba3df0689866bcf79f2ad0053671091001b58ee8.json
swebench--astropy__astropy-13404,RESOLVED,6a8d34a3a43ecfb9f02357d7ec6f0840edb4c5dc2c5525137c27f09c5cb9faa5,episode:0d8d46390b5e9dba9c3d2b64569fbd66e63f7680d072f93a145762813c028825,format-compatibility,COMPLETED_SUBGOAL,61,,False,True,0,/home/trimem-runner/skhynix-architecture-scale-001/pipeline-v13/learning-240/captures/6a8d34a3a43ecfb9f02357d7ec6f0840edb4c5dc2c5525137c27f09c5cb9faa5.json
swebench--astropy__astropy-13477,UNRESOLVED,c7f10a1972c3909160e69e9f1aa948cef7d7ea23a080e3798fc7c5b17462430a,episode:55b0857bab8ce72a6711ef2106f25db03f99a32909dc17fc0044a180561582e0,mixed_equality,TERMINAL_ACTIVE,37,,False,False,4,/home/trimem-runner/skhynix-architecture-scale-001/pipeline-v13/learning-240/captures/c7f10a1972c3909160e69e9f1aa948cef7d7ea23a080e3798fc7c5b17462430a.json
swebench--astropy__astropy-13734,UNRESOLVED,86ebb6ee62d5280e9538193405f4b932d658f9f56abe7045444113fabe524934,episode:0ae196f029c8b04fbf4f4eea2a1498ae88e4cfe5dab42033c4fc94ce0967b372,unit_headers,COMPLETED_SUBGOAL,43,,False,True,26,/home/trimem-runner/skhynix-architecture-scale-001/pipeline-v13/learning-240/captures/86ebb6ee62d5280e9538193405f4b932d658f9f56abe7045444113fabe524934.json
swebench--astropy__astropy-13734,UNRESOLVED,cb64f7de8e9954cd220b6bbd773da6b0bdd55d4d295b259e9e208aefd6140565,episode:0a1e7b16a3b89beb2707b4fe44f7ec24c997feafdc7a0db04c082c538e6f107f,compatibility_docs,TERMINAL_ACTIVE,46,,False,False,0,/home/trimem-runner/skhynix-architecture-scale-001/pipeline-v13/learning-240/captures/cb64f7de8e9954cd220b6bbd773da6b0bdd55d4d295b259e9e208aefd6140565.json
swebench--astropy__astropy-13803,RESOLVED,d10ce9858b72cd94c91deca727708f97233eaec2d08da692beb090033d552db9,episode:71b8002975ecfb9bd489c581683488dcee72860bb8a4a2387ba851accc778a32,float32-poles,COMPLETED_SUBGOAL,41,,False,True,10,/home/trimem-runner/skhynix-architecture-scale-001/pipeline-v13/learning-240/captures/d10ce9858b72cd94c91deca727708f97233eaec2d08da692beb090033d552db9.json
swebench--astropy__astropy-13803,RESOLVED,285ef74bcfc95901c4aa015e4e7264c9e78c273831c511c47169709a7aeff750,episode:02b554f2724e88242d54b2b3703ea3770423d9832653e3b2a66924a40eafc5ad,latitude-boundaries,COMPLETED_SUBGOAL,54,,False,True,0,/home/trimem-runner/skhynix-architecture-scale-001/pipeline-v13/learning-240/captures/285ef74bcfc95901c4aa015e4e7264c9e78c273831c511c47169709a7aeff750.json
swebench--astropy__astropy-13838,RESOLVED,e27a5bbc36d0e348747ec8e95b1c0a1d18a03417ec45f75ad7d422d1c166cf3f,episode:63cbac5d6456ace10e376280a7bc3ffaa86c1d83801d627d7f5bd72cccd16957,empty_cell_rendering,COMPLETED_SUBGOAL,24,,False,True,8,/home/trimem-runner/skhynix-architecture-scale-001/pipeline-v13/learning-240/captures/e27a5bbc36d0e348747ec8e95b1c0a1d18a03417ec45f75ad7d422d1c166cf3f.json
swebench--astropy__astropy-13838,RESOLVED,c2b737ed46d22b445bb70331a0513c7743a1523063a925a4607ad3fb381fdee6,episode:8fe1c53a7055d5bed1afa6745396b57b8d848aa665806e18018fd6ca4a65a88c,formatting_compatibility,COMPLETED_SUBGOAL,37,,False,True,0,/home/trimem-runner/skhynix-architecture-scale-001/pipeline-v13/learning-240/captures/c2b737ed46d22b445bb70331a0513c7743a1523063a925a4607ad3fb381fdee6.json
swebench--astropy__astropy-13933,UNRESOLVED,ba519bab9822078fccd256b1273afde5eb74f434d460a2421cf7ef8bdbc875c0,episode:33b3155132b68ddd87692a13891e88ad3228d1f30710b553f09c8a404683017a,pickle-format,COMPLETED_SUBGOAL,34,,False,True,6,/home/trimem-runner/skhynix-architecture-scale-001/pipeline-v13/learning-240/captures/ba519bab9822078fccd256b1273afde5eb74f434d460a2421cf7ef8bdbc875c0.json
swebench--astropy__astropy-13933,UNRESOLVED,89c938d2d93f7bbde1e95eb0d6e1f80ec97ffc04e5c3d2ceb9135518ca7961e9,episode:e4a78cb994f7460868ea01c0847a2ee0ddac24772e77cbbcc361b4a6ce857c9b,format-compat,COMPLETED_SUBGOAL,48,,False,True,0,/home/trimem-runner/skhynix-architecture-scale-001/pipeline-v13/learning-240/captures/89c938d2d93f7bbde1e95eb0d6e1f80ec97ffc04e5c3d2ceb9135518ca7961e9.json
swebench--astropy__astropy-14253,UNRESOLVED,f234f062b7d26bf8218f13367d5e29f7b64912f17bf4bc4fa3767e273d96c0dc,episode:2e07846fecf9b009075f355e58f5ea35cafd428f24db7863ac13c08bce92991f,info_semantics,COMPLETED_SUBGOAL,45,,False,True,21,/home/trimem-runner/skhynix-architecture-scale-001/pipeline-v13/learning-240/captures/f234f062b7d26bf8218f13367d5e29f7b64912f17bf4bc4fa3767e273d96c0dc.json
swebench--astropy__astropy-14253,UNRESOLVED,ec874ee2e2bdeca9c313c79a61af07ce68f98f7318eb2b19447b29bb10d54a4c,episode:c8e884a6c7226119d62ad2729d0be4e0710240e7d8e06b9aa5556777d86b6770,compatibility,PUBLIC_TEST_OBSERVATION,65,RED,False,False,0,/home/trimem-runner/skhynix-architecture-scale-001/pipeline-v13/learning-240/captures/ec874ee2e2bdeca9c313c79a61af07ce68f98f7318eb2b19447b29bb10d54a4c.json
swebench--astropy__astropy-14253,UNRESOLVED,cef4ba2fd8fb6645b3c7d76a6d7b25898d44525379d8cea2aacc59ef003294d7,episode:dea274afe992a5faed7317e22cf22d1adc802808f489c283a74be429c1efb35f,compatibility,PUBLIC_TEST_OBSERVATION,76,GREEN,True,False,0,/home/trimem-runner/skhynix-architecture-scale-001/pipeline-v13/learning-240/captures/cef4ba2fd8fb6645b3c7d76a6d7b25898d44525379d8cea2aacc59ef003294d7.json
swebench--astropy__astropy-14253,UNRESOLVED,305327d5484d7186a310981657e2f525c481e20153bd83e8fc3e09a15410cba6,episode:b5abc8271941faebee15ab599210c023a7760b34e25fd0f0a1c768974baa8ff3,compatibility,PUBLIC_TEST_OBSERVATION,81,GREEN,True,False,0,/home/trimem-runner/skhynix-architecture-scale-001/pipeline-v13/learning-240/captures/305327d5484d7186a310981657e2f525c481e20153bd83e8fc3e09a15410cba6.json
swebench--astropy__astropy-14253,UNRESOLVED,641dfe2624fc15969ef4d73b398b0e48e823fa39164390f6edcec1ac5ce89e89,episode:94d45e15921607f07d7941b3f2a7e930392787da1c064aacd173f03d1192b39a,compatibility,COMPLETED_SUBGOAL,86,,False,True,0,/home/trimem-runner/skhynix-architecture-scale-001/pipeline-v13/learning-240/captures/641dfe2624fc15969ef4d73b398b0e48e823fa39164390f6edcec1ac5ce89e89.json
swebench--astropy__astropy-14295,UNRESOLVED,bc52042b4b46508ef7aa6d3545b12abb9a232239efe73d90349c7460bcc25485,episode:9544768ee2e9fb7fa5f6c5bad5609b120d09c1e4fa1d3d2d0fd528932af351d5,preserve_projection_pv,COMPLETED_SUBGOAL,25,,False,True,1,/home/trimem-runner/skhynix-architecture-scale-001/pipeline-v13/learning-240/captures/bc52042b4b46508ef7aa6d3545b12abb9a232239efe73d90349c7460bcc25485.json
swebench--astropy__astropy-14295,UNRESOLVED,4ec064b57f8a9ce6adaafa5cec07771eadf4c6dca942177bbda6a1a4aa152d31,episode:649a27c8b462502391f4761568110d70080faaf23756af98c2a390e79b2daf1b,scamp_compatibility,COMPLETED_SUBGOAL,73,,False,True,0,/home/trimem-runner/skhynix-architecture-scale-001/pipeline-v13/learning-240/captures/4ec064b57f8a9ce6adaafa5cec07771eadf4c6dca942177bbda6a1a4aa152d31.json
swebench--astropy__astropy-14590,RESOLVED,e145e0c394d55e0e47cb69107347df84818ff66bae4477a65e673633ff6899de,episode:286581d32f1e282c3395ad809a9967ce7a3025c54d27b98af709d307cb2c8c4c,masked_where,COMPLETED_SUBGOAL,36,,False,True,11,/home/trimem-runner/skhynix-architecture-scale-001/pipeline-v13/learning-240/captures/e145e0c394d55e0e47cb69107347df84818ff66bae4477a65e673633ff6899de.json
swebench--astropy__astropy-14590,RESOLVED,94f87f0f82dd952e2531255e02e07fa4eccdb64e0cda797cf52df0af09a22998,episode:a48cd4d344164a5a91dc113d27d297f08e419b4421913cfe1c2d22489bd42706,compatibility,COMPLETED_SUBGOAL,57,,False,True,0,/home/trimem-runner/skhynix-architecture-scale-001/pipeline-v13/learning-240/captures/94f87f0f82dd952e2531255e02e07fa4eccdb64e0cda797cf52df0af09a22998.json
swebench--astropy__astropy-6938,RESOLVED,d5c7f45dc13066b175ac97ac77040473205cd05683f124c50a76d53a174e24e6,episode:de8bfbfbe73d78722438ee0e2a8ce31f245b381a518a3edf77e4a6152167665d,d-exponent-write,PUBLIC_TEST_OBSERVATION,33,RED,False,False,6,/home/trimem-runner/skhynix-architecture-scale-001/pipeline-v13/learning-240/captures/d5c7f45dc13066b175ac97ac77040473205cd05683f124c50a76d53a174e24e6.json
swebench--astropy__astropy-6938,RESOLVED,da4d9bdae84097cad9df3ae7d81913e6b55671135e3c4358272f5dbe78023e88,episode:b55bf7c088115996f735675659301d24ef751d17cdac0f3e5b46a244f037cd71,d-exponent-write,PUBLIC_TEST_OBSERVATION,35,GREEN,True,False,6,/home/trimem-runner/skhynix-architecture-scale-001/pipeline-v13/learning-240/captures/da4d9bdae84097cad9df3ae7d81913e6b55671135e3c4358272f5dbe78023e88.json
swebench--astropy__astropy-6938,RESOLVED,a5ad0348ef18b8f44b99ba87b4453fc80674eb84f375c13833b762f792a97b38,episode:ac277e0d97d2921c0bf0f1a39c55e3bc81f6c6a4aaa5dc48add2f91329d58f90,d-exponent-write,COMPLETED_SUBGOAL,41,,False,True,6,/home/trimem-runner/skhynix-architecture-scale-001/pipeline-v13/learning-240/captures/a5ad0348ef18b8f44b99ba87b4453fc80674eb84f375c13833b762f792a97b38.json
swebench--astropy__astropy-6938,RESOLVED,9f8def2aa7cf45f9bfbdadd4f5434f93480ff1461369c78937dc7c9eedbc4910,episode:dede5a988cd7b2ed8b1dfed7ab489cc0f62a25e0081fdc33686d353ffff913e0,ascii-roundtrip,PUBLIC_TEST_OBSERVATION,54,RED,False,False,0,/home/trimem-runner/skhynix-architecture-scale-001/pipeline-v13/learning-240/captures/9f8def2aa7cf45f9bfbdadd4f5434f93480ff1461369c78937dc7c9eedbc4910.json
swebench--astropy__astropy-6938,RESOLVED,1a5e2bd65229197d92787c2f311c5a64a36cc28329495095aa489da4e3713cac,episode:164e96e8c29c054cf8ba7b7e12ec90395d88867df8b81a23bf99e9cfbb663257,ascii-roundtrip,PUBLIC_TEST_OBSERVATION,59,GREEN,True,False,0,/home/trimem-runner/skhynix-architecture-scale-001/pipeline-v13/learning-240/captures/1a5e2bd65229197d92787c2f311c5a64a36cc28329495095aa489da4e3713cac.json
swebench--astropy__astropy-6938,RESOLVED,bbdc2109d3ce7d01eb337e75552dd3f7b76331785bc93b00092e05ef780a113a,episode:f3550d1ad8783e826835f857dbee6d2eda1c260421749bc981eba3c9916ed8cd,ascii-roundtrip,COMPLETED_SUBGOAL,63,,False,True,0,/home/trimem-runner/skhynix-architecture-scale-001/pipeline-v13/learning-240/captures/bbdc2109d3ce7d01eb337e75552dd3f7b76331785bc93b00092e05ef780a113a.json
swebench--astropy__astropy-7008,RESOLVED,ec0404d26f3d1dbd706c9dea0d12b657ad0bf9380fda6a6708df11d5808dd6d2,episode:19284cf2a0e6dcdde8d2717c8262e3504314a56d55d80c85ee287b95ce83d8b4,constant-context,COMPLETED_SUBGOAL,42,,False,True,19,/home/trimem-runner/skhynix-architecture-scale-001/pipeline-v13/learning-240/captures/ec0404d26f3d1dbd706c9dea0d12b657ad0bf9380fda6a6708df11d5808dd6d2.json
swebench--astropy__astropy-7008,RESOLVED,e79ea1cde60accdb3a13cb5f41f0fa6839667538275d83dc7e7005016327df86,episode:916b24db5b4b4288f935bce8dae6672e81efa53f5548e5257c6195db1da706bb,context-contract,COMPLETED_SUBGOAL,74,,False,True,0,/home/trimem-runner/skhynix-architecture-scale-001/pipeline-v13/learning-240/captures/e79ea1cde60accdb3a13cb5f41f0fa6839667538275d83dc7e7005016327df86.json
swebench--astropy__astropy-7746,UNRESOLVED,f2751942fed49d6a1a3b142bbde5fba7e9153aec5d7b74fcbed97fcc1bb96286,episode:5e08d51fea51c66dd8839bcfb765c42fcbd01e35ccaa901e5a3c57f7ae2ff855,empty-axis-inputs,COMPLETED_SUBGOAL,29,,False,True,7,/home/trimem-runner/skhynix-architecture-scale-001/pipeline-v13/learning-240/captures/f2751942fed49d6a1a3b142bbde5fba7e9153aec5d7b74fcbed97fcc1bb96286.json
swebench--astropy__astropy-7746,UNRESOLVED,4bb1b20e9ece7b0bb7b7f4242ccc62317410253197b9fd28f3c0e830cda306a0,episode:c09f7e4a297ba1661c4086a7bfbf08060927f69cd09b8d39e5d8bbb2fad331c7,empty-coordinate-matrices,COMPLETED_SUBGOAL,44,,False,True,0,/home/trimem-runner/skhynix-architecture-scale-001/pipeline-v13/learning-240/captures/4bb1b20e9ece7b0bb7b7f4242ccc62317410253197b9fd28f3c0e830cda306a0.json
swebench--django__django-10287,UNRESOLVED,0acd59f51c48830a0801f982e33ab7a3a4a219c171fd48357ab3f30d5980e93f,episode:d712102c387ccc042f4147d316ea341c13af10a742ad0cc012c932b1ff30eedf,related-ordering,COMPLETED_SUBGOAL,14,,False,True,7,/home/trimem-runner/skhynix-architecture-scale-001/pipeline-v13/learning-240/captures/0acd59f51c48830a0801f982e33ab7a3a4a219c171fd48357ab3f30d5980e93f.json
swebench--django__django-10287,UNRESOLVED,6bdc27278a8a76d33f20498a5ad23ae4bfe9a51322c54c84c35e3f5a2ec215c5,episode:ecebd80081cdcafc1bfdea9630d00ae2443b6bbb3bbf1c4da7b3b204fe6a4800,ordering-compatibility,COMPLETED_SUBGOAL,38,,False,True,0,/home/trimem-runner/skhynix-architecture-scale-001/pipeline-v13/learning-240/captures/6bdc27278a8a76d33f20498a5ad23ae4bfe9a51322c54c84c35e3f5a2ec215c5.json
swebench--django__django-10643,RESOLVED,e091cefba9b4a490b1e4c8ffe1d8184602fdba6661db360c8b3a78c86bc62178,episode:0f313e6924b52e265fd5c06bb96e523f14af4b649d48f8476e419737a39f7223,uuid-patterns,COMPLETED_SUBGOAL,21,,False,True,13,/home/trimem-runner/skhynix-architecture-scale-001/pipeline-v13/learning-240/captures/e091cefba9b4a490b1e4c8ffe1d8184602fdba6661db360c8b3a78c86bc62178.json
swebench--django__django-10643,RESOLVED,8a18db26a6c75eae654a26dbee0338dd95ae290b96466edc9e06bdcd51045a48,episode:14498c1ae9b64517e4e032d2394c1a007f07b8ee97465a9f04478e864aeec0a5,uuid-compatibility,COMPLETED_SUBGOAL,56,,False,True,0,/home/trimem-runner/skhynix-architecture-scale-001/pipeline-v13/learning-240/captures/8a18db26a6c75eae654a26dbee0338dd95ae290b96466edc9e06bdcd51045a48.json
swebench--django__django-11085,RESOLVED,c2c44a498dd37fb6533a4a7a82b28653ef990bcbb5e9f83871effd81baa73eec,episode:d29488f774656088e19e27e389029fe75ab839acf8bb21e1c0352dae3050290f,preserve-metaclass-attrs,COMPLETED_SUBGOAL,14,,False,True,7,/home/trimem-runner/skhynix-architecture-scale-001/pipeline-v13/learning-240/captures/c2c44a498dd37fb6533a4a7a82b28653ef990bcbb5e9f83871effd81baa73eec.json
swebench--django__django-11085,RESOLVED,be1d475ee1ba5d875d1ceb5d4b8e378e5c3c2f9f9a68f0ad7863b66d6b14d8a8,episode:9b720d998edd554ac47089e826be0729abc85d949f194c8c6d4cb772598fdeaa,verify-model-construction,COMPLETED_SUBGOAL,23,,False,True,0,/home/trimem-runner/skhynix-architecture-scale-001/pipeline-v13/learning-240/captures/be1d475ee1ba5d875d1ceb5d4b8e378e5c3c2f9f9a68f0ad7863b66d6b14d8a8.json
swebench--django__django-11417,UNRESOLVED,2e1a0af2341b9c96c8fab8a74099ba0acbc91453d9269e360150f3695f7eb78d,episode:ba0ccc64b6b7832182a199cc68098e011ccb02f434d6ff4a7eee133921139681,mailbox-parser,COMPLETED_SUBGOAL,27,,False,True,8,/home/trimem-runner/skhynix-architecture-scale-001/pipeline-v13/learning-240/captures/2e1a0af2341b9c96c8fab8a74099ba0acbc91453d9269e360150f3695f7eb78d.json
swebench--django__django-11417,UNRESOLVED,63227b024b1094d96baa431ff2ba125b30861abbc6b540d1f62fa35a68727ec7,episode:9de5de750868cf8020b34867034f3e3875c8ff9d72e23361874a0dea57e52e8e,mail-compatibility,COMPLETED_SUBGOAL,40,,False,True,0,/home/trimem-runner/skhynix-architecture-scale-001/pipeline-v13/learning-240/captures/63227b024b1094d96baa431ff2ba125b30861abbc6b540d1f62fa35a68727ec7.json
swebench--django__django-11618,RESOLVED,80cc6fcbd84885751c9a798f1ef807c54d714f73538cbb98a9c53cccb6e98a54,episode:19eba6d6e333aa10b67042ec933d2734619f259b8627e6549260e9018529a353,manifest-errors,COMPLETED_SUBGOAL,13,,False,True,10,/home/trimem-runner/skhynix-architecture-scale-001/pipeline-v13/learning-240/captures/80cc6fcbd84885751c9a798f1ef807c54d714f73538cbb98a9c53cccb6e98a54.json
swebench--django__django-11618,RESOLVED,e13021083a70c744aaedb36cbf9123ecfe979d9d7e8724d1076894325b656532,episode:4faae28c1b67e06194db36da87fe1062730b10cea1bb5850330a359926b63356,manifest-compat,COMPLETED_SUBGOAL,23,,False,True,0,/home/trimem-runner/skhynix-architecture-scale-001/pipeline-v13/learning-240/captures/e13021083a70c744aaedb36cbf9123ecfe979d9d7e8724d1076894325b656532.json
swebench--django__django-11680,RESOLVED,9ebedd21a6c0002a65483e0081cf29dc3941a10ee6e00f06d67e276f8b753514,episode:efe980422ab6ba92e42f48687a3698d4c8c0cac0ed5a88af88b3be909f5068c4,default_pk_insert,COMPLETED_SUBGOAL,17,,False,True,13,/home/trimem-runner/skhynix-architecture-scale-001/pipeline-v13/learning-240/captures/9ebedd21a6c0002a65483e0081cf29dc3941a10ee6e00f06d67e276f8b753514.json
swebench--django__django-11680,RESOLVED,9b554dad49ebbb5b4606e4ab03c8e9f330b13a84cae34530583f53ccbc12bb7b,episode:12905907827f333b2be643bb035255f49d43eae026f76ece8f488aa29ec7168c,save_compatibility,COMPLETED_SUBGOAL,38,,False,True,0,/home/trimem-runner/skhynix-architecture-scale-001/pipeline-v13/learning-240/captures/9b554dad49ebbb5b4606e4ab03c8e9f330b13a84cae34530583f53ccbc12bb7b.json
swebench--django__django-11742,RESOLVED,1bd77c313e15f72612a450b844482a1487fed8a3f2b5aca188879e068d6a821a,episode:a36bded47f026d540a10597171d3ce8a7b8d727e3df58a70c345aac714abe01d,choice_length,COMPLETED_SUBGOAL,14,,False,True,8,/home/trimem-runner/skhynix-architecture-scale-001/pipeline-v13/learning-240/captures/1bd77c313e15f72612a450b844482a1487fed8a3f2b5aca188879e068d6a821a.json
swebench--django__django-11742,RESOLVED,fc4f630d9ee7212abe81a69fab6f3cb9ea8d075e80d2e59b34d5b205c1229424,episode:118054e4e7b5d884fad35f7699610be4ed699186f6a04ae4b9975847a22bc462,check_contract,COMPLETED_SUBGOAL,31,,False,True,0,/home/trimem-runner/skhynix-architecture-scale-001/pipeline-v13/learning-240/captures/fc4f630d9ee7212abe81a69fab6f3cb9ea8d075e80d2e59b34d5b205c1229424.json
swebench--django__django-11903,RESOLVED,e85e559db5dcbf2a01af889b2531ccf510e982266f6f088cc9719925d611f7be,episode:9b39f6a17ca881c26c2d0318c226df133593d4bd90a8df7ec556ff7aa38f8270,configured-settings,COMPLETED_SUBGOAL,21,,False,True,17,/home/trimem-runner/skhynix-architecture-scale-001/pipeline-v13/learning-240/captures/e85e559db5dcbf2a01af889b2531ccf510e982266f6f088cc9719925d611f7be.json
swebench--django__django-12009,UNDETERMINED,907ea1145607552503fe286116a6a2dae67f5658676873944506fe866c72b507,episode:4268266b55588327f370a9cd64a69a077134d00ebf841f11fa2fb35dd8131be2,admin-entrypoint,COMPLETED_SUBGOAL,19,,False,True,2,/home/trimem-runner/skhynix-architecture-scale-001/pipeline-v13/learning-240/captures/907ea1145607552503fe286116a6a2dae67f5658676873944506fe866c72b507.json
swebench--django__django-12009,UNDETERMINED,d830057c8f446304fecaf456d311ef489a65361203df31c19ab580d68477e492,episode:8dbee8bfcaeeb029886e5faac946f77229de4daa93864122c8e4b3cc8be6e0d4,admin-compatibility,COMPLETED_SUBGOAL,58,,False,True,0,/home/trimem-runner/skhynix-architecture-scale-001/pipeline-v13/learning-240/captures/d830057c8f446304fecaf456d311ef489a65361203df31c19ab580d68477e492.json
swebench--django__django-12281,UNRESOLVED,7c4fd4d0618b889f02bc078e3ba02cb0f5d51b8bfd5c49917012ccd3e56ab6da,episode:676e2b469c6da3b6bf2194bb0fa6eccd2f160beba2c201351b5606fb3755d543,duplicate_action_names,COMPLETED_SUBGOAL,21,,False,True,10,/home/trimem-runner/skhynix-architecture-scale-001/pipeline-v13/learning-240/captures/7c4fd4d0618b889f02bc078e3ba02cb0f5d51b8bfd5c49917012ccd3e56ab6da.json
swebench--django__django-12281,UNRESOLVED,38b93cb16acf48416946187550e45e7df02de051d291326a3f96f184f94ed50b,episode:ad9484b76cdeee5d4fc762894f2917fa6ac1e6ec2755a4dfc9a30271c6c1da24,diagnostic_consistency,COMPLETED_SUBGOAL,31,,False,True,0,/home/trimem-runner/skhynix-architecture-scale-001/pipeline-v13/learning-240/captures/38b93cb16acf48416946187550e45e7df02de051d291326a3f96f184f94ed50b.json
swebench--django__django-12343,UNRESOLVED,c213deff5dc49e7751b8dd26dcb3d75ac76edba0620e9292acc3c4d3b868866f,episode:7c6d3c4768b1c541d577daccfc98766e2f125d5a90b929eec7415e44118c1d1b,readonly_relations,COMPLETED_SUBGOAL,38,,False,True,13,/home/trimem-runner/skhynix-architecture-scale-001/pipeline-v13/learning-240/captures/c213deff5dc49e7751b8dd26dcb3d75ac76edba0620e9292acc3c4d3b868866f.json
swebench--django__django-12343,UNRESOLVED,a5df3e7594ceb34af5c4bdaf1ef131365335000935c625226cf5e9ee372bb1a5,episode:4819164566b601ad4289dce86b9896ad3b2d45e3feae9512cf89aa36b26b0b00,compatibility,COMPLETED_SUBGOAL,78,,False,True,0,/home/trimem-runner/skhynix-architecture-scale-001/pipeline-v13/learning-240/captures/a5df3e7594ceb34af5c4bdaf1ef131365335000935c625226cf5e9ee372bb1a5.json
swebench--django__django-12407,UNRESOLVED,2cb68961ee541dfa55cffa54bc292c0e15c1ea50c08d0156dbea000902e212cc,episode:fcc37d2219e2652c1a09865d6199604ad0c9e2a903b503f1f6b726e87870360a,include-fallbacks,COMPLETED_SUBGOAL,13,,False,True,11,/home/trimem-runner/skhynix-architecture-scale-001/pipeline-v13/learning-240/captures/2cb68961ee541dfa55cffa54bc292c0e15c1ea50c08d0156dbea000902e212cc.json
swebench--django__django-12407,UNRESOLVED,d74394b91d25523be5414c198d5e90bdb39a0873a9f008185f104bbcabb148ff,episode:2311810cce405dc9e20f52d6bbaa3c3c01b0a71224412eb4b0e0080b00455c8a,include-compatibility,COMPLETED_SUBGOAL,41,,False,True,0,/home/trimem-runner/skhynix-architecture-scale-001/pipeline-v13/learning-240/captures/d74394b91d25523be5414c198d5e90bdb39a0873a9f008185f104bbcabb148ff.json
swebench--django__django-12497,RESOLVED,19fbe37390f92108352029482d59a114d9cf331f3c13d7f49326709b84de08c9,episode:fc9489edf114ffcfe3a4f875343ea155d6bcdec281ad1a64b7584004b3d72d15,correct_recursive_hints,COMPLETED_SUBGOAL,16,,False,True,7,/home/trimem-runner/skhynix-architecture-scale-001/pipeline-v13/learning-240/captures/19fbe37390f92108352029482d59a114d9cf331f3c13d7f49326709b84de08c9.json
swebench--django__django-12532,UNRESOLVED,39693c53698d7c7c4ae683a94dc28cea5d688eeb00e4b503b2dc78e0110d0220,episode:28cf1dd998f916f4e6465cb070c68bb0f78a30eef1ab396b90bdaf7b8d490c88,invalid-list-key,COMPLETED_SUBGOAL,20,,False,True,8,/home/trimem-runner/skhynix-architecture-scale-001/pipeline-v13/learning-240/captures/39693c53698d7c7c4ae683a94dc28cea5d688eeb00e4b503b2dc78e0110d0220.json
swebench--django__django-12532,UNRESOLVED,078d3c7f2fcc9eb1dd89207e397f3b84f5f4ec9118e82a196ff96f66f93bb872,episode:21051bf520f30e84d41ca40dc89c129826a0d83d027815c7a87be4b15a6d3c47,consistency,COMPLETED_SUBGOAL,34,,False,True,0,/home/trimem-runner/skhynix-architecture-scale-001/pipeline-v13/learning-240/captures/078d3c7f2fcc9eb1dd89207e397f3b84f5f4ec9118e82a196ff96f66f93bb872.json
swebench--django__django-12830,RESOLVED,f6848d6ac05dbb2732bef8b4ce6d37ef584ea34e589376d8e1be2191454887d9,episode:3166375626e6935af9a839918860edf6789ca986b7f9f85ab1c737a7b2a74c4f,formset_limits,COMPLETED_SUBGOAL,13,,False,True,12,/home/trimem-runner/skhynix-architecture-scale-001/pipeline-v13/learning-240/captures/f6848d6ac05dbb2732bef8b4ce6d37ef584ea34e589376d8e1be2191454887d9.json
swebench--django__django-12830,RESOLVED,430b05bb09d0e14b219ca6f876b106c2243adee6847ff37432df7d9caded82e8,episode:0cc2c7efddec6b92609c795346152299163a8bbfc10be517827b07fea5ac8cfa,api_docs,COMPLETED_SUBGOAL,56,,False,True,0,/home/trimem-runner/skhynix-architecture-scale-001/pipeline-v13/learning-240/captures/430b05bb09d0e14b219ca6f876b106c2243adee6847ff37432df7d9caded82e8.json
swebench--django__django-12851,UNRESOLVED,c045ce6dd88fed7219add4082dc0dce242dfa9709666e17d3cdeb8aebbbe70d1,episode:bd6203a0a68b296a89656ac55cf293d4655d5a40ee13dc03fe76ccf13edcb8f0,remove-equality-tags,COMPLETED_SUBGOAL,19,,False,True,0,/home/trimem-runner/skhynix-architecture-scale-001/pipeline-v13/learning-240/captures/c045ce6dd88fed7219add4082dc0dce242dfa9709666e17d3cdeb8aebbbe70d1.json
swebench--django__django-12851,UNRESOLVED,182a6dfa3e3385a46523bb1e8c968d28e1c7420e2cb4e257cc75be3ccb64d580,episode:81cfd07e87e037d46424adc9d4aab5ce65888543a115a8fd53ee12281c439140,migrate-references,COMPLETED_SUBGOAL,55,,False,True,0,/home/trimem-runner/skhynix-architecture-scale-001/pipeline-v13/learning-240/captures/182a6dfa3e3385a46523bb1e8c968d28e1c7420e2cb4e257cc75be3ccb64d580.json
swebench--django__django-12855,RESOLVED,c2d59caca82130aafa472c0d916d82cb91ac251b541ddcdf98139359480e1d72,episode:790935f4cbebc7facc894501c5236d98d8c052b8f7c6ed14da986a0e8315fcaa,url-warning,COMPLETED_SUBGOAL,19,,False,True,2,/home/trimem-runner/skhynix-architecture-scale-001/pipeline-v13/learning-240/captures/c2d59caca82130aafa472c0d916d82cb91ac251b541ddcdf98139359480e1d72.json
swebench--django__django-12855,RESOLVED,df6def574aecce9149697698fa33e61c134d4e74a607a6e67156dd67f35133db,episode:302d8f5deb221e5677a24e4f907e1f71914ec1595752b31d02c06afafd9d8b8f,deprecation-docs,COMPLETED_SUBGOAL,33,,False,True,0,/home/trimem-runner/skhynix-architecture-scale-001/pipeline-v13/learning-240/captures/df6def574aecce9149697698fa33e61c134d4e74a607a6e67156dd67f35133db.json
swebench--django__django-13170,UNRESOLVED,63fa2732b56cb2dd96cfe26f8e6adde093c89119b83a0828dde453c0bf8b791f,episode:09a850fe510628a39dddcae33f04ed0e4233221a2461b103df15b2d8aab46394,nested_conditions,COMPLETED_SUBGOAL,27,,False,True,31,/home/trimem-runner/skhynix-architecture-scale-001/pipeline-v13/learning-240/captures/63fa2732b56cb2dd96cfe26f8e6adde093c89119b83a0828dde453c0bf8b791f.json
swebench--django__django-13170,UNRESOLVED,8f4c8dfb841639a0fedbce77468e8a084482640c653d5a46725e83d226279b3d,episode:b258b49e163c8951c15259ea751bb1a0d89f42db5d07646222c9c4f519434e49,validation_compatibility,COMPLETED_SUBGOAL,64,,False,True,0,/home/trimem-runner/skhynix-architecture-scale-001/pipeline-v13/learning-240/captures/8f4c8dfb841639a0fedbce77468e8a084482640c653d5a46725e83d226279b3d.json
swebench--django__django-13251,RESOLVED,7afc857f65f7e9a5223a06e33f623a48a8ae5ed347c6369a7e6514605764404b,episode:663101620fbc66da8055bfcffb094743d8137c2751572b074214bedb5c83387c,negate_filter,COMPLETED_SUBGOAL,29,,False,True,8,/home/trimem-runner/skhynix-architecture-scale-001/pipeline-v13/learning-240/captures/7afc857f65f7e9a5223a06e33f623a48a8ae5ed347c6369a7e6514605764404b.json
swebench--django__django-13251,RESOLVED,08dca35ff7190720fbece3ba84c8970f2cbcc4813c0562ef161e1339f379f4b8,episode:ee01d2f88d6c43163a17b0fd59aa67a17740f912e5b938117afecf41ef6125a0,filter_callers,COMPLETED_SUBGOAL,45,,False,True,0,/home/trimem-runner/skhynix-architecture-scale-001/pipeline-v13/learning-240/captures/08dca35ff7190720fbece3ba84c8970f2cbcc4813c0562ef161e1339f379f4b8.json
swebench--django__django-13347,RESOLVED,c90064d6c4338d6396a44b25c8fe0431779923ef2b45590f7f9fbdce2c8e0e0a,episode:d41469eec5ac4f233e81d831fd2a8b1f887531c38f11418d2df80bd1ff4cdfe5,nonstring-recursion,COMPLETED_SUBGOAL,11,,False,True,6,/home/trimem-runner/skhynix-architecture-scale-001/pipeline-v13/learning-240/captures/c90064d6c4338d6396a44b25c8fe0431779923ef2b45590f7f9fbdce2c8e0e0a.json
swebench--django__django-13347,RESOLVED,7f343e71a3d0a53f25f8153eae0ce5d32d4c39d4fa9f5e30c287d9b67322c6ab,episode:7baf641ad203d261b4bb168f25384be3bedebe83f989644ded2fa8fefb4f77ba,filter-compatibility,COMPLETED_SUBGOAL,16,,False,True,0,/home/trimem-runner/skhynix-architecture-scale-001/pipeline-v13/learning-240/captures/7f343e71a3d0a53f25f8153eae0ce5d32d4c39d4fa9f5e30c287d9b67322c6ab.json
swebench--django__django-13355,RESOLVED,bf351539998cef2738b36c9a02b9798e1d5fa53a22c0f6ee572987ce4618f75c,episode:6df3e8052fcc213741fd7d5cca6264aba1a655b8b4eada594e6f458740590499,bounded_media_addition,COMPLETED_SUBGOAL,11,,False,True,7,/home/trimem-runner/skhynix-architecture-scale-001/pipeline-v13/learning-240/captures/bf351539998cef2738b36c9a02b9798e1d5fa53a22c0f6ee572987ce4618f75c.json
swebench--django__django-13355,RESOLVED,8c89eea6c202b7bb08528fcc4867bc756e2013b2b3107593168aba67b1b29a74,episode:c03cbeba3a6ee4b17c480aee979a63f882df2646f2e328cf1eb8fdc3a84e013f,media_ordering_verification,COMPLETED_SUBGOAL,22,,False,True,0,/home/trimem-runner/skhynix-architecture-scale-001/pipeline-v13/learning-240/captures/8c89eea6c202b7bb08528fcc4867bc756e2013b2b3107593168aba67b1b29a74.json
swebench--django__django-13490,RESOLVED,42207622703dcda7f339257cb7b6b2823e8d897cb295c6ae8c724254b7c15769,episode:3385521d9fafb16d1e5f0b6b145f0fc68295a5b8b5ce1bae940bf31875336c62,reject-filtered-get,COMPLETED_SUBGOAL,12,,False,True,8,/home/trimem-runner/skhynix-architecture-scale-001/pipeline-v13/learning-240/captures/42207622703dcda7f339257cb7b6b2823e8d897cb295c6ae8c724254b7c15769.json
swebench--django__django-13490,RESOLVED,5194bf22611f41f54cf60ad27f176a01d9dcb6607fec97b9207ccbca8b10cccc,episode:03ec9ce68885a4940106b0e314c1ed31618045c0be45f94b01206becf1a4271c,preserve-unfiltered-get,COMPLETED_SUBGOAL,20,,False,True,0,/home/trimem-runner/skhynix-architecture-scale-001/pipeline-v13/learning-240/captures/5194bf22611f41f54cf60ad27f176a01d9dcb6607fec97b9207ccbca8b10cccc.json
swebench--django__django-13585,UNRESOLVED,1dae79f594957671b71986317455eea7da383fca5f3c4cfa9053234eeaabb1a4,episode:5aed8befb0f01ff46c52ea19d5eacf5546fec5601e68e7fa1cc62bfcb8ab14f8,legacy_expiry,COMPLETED_SUBGOAL,9,,False,True,5,/home/trimem-runner/skhynix-architecture-scale-001/pipeline-v13/learning-240/captures/1dae79f594957671b71986317455eea7da383fca5f3c4cfa9053234eeaabb1a4.json
swebench--django__django-13585,UNRESOLVED,4d25708a753fa4c56d1e605680f4ba98109d39b64e4efd0af5f7d0779951dfb5,episode:03e3e5b1d46846161f5d859a236ed64821d08484db232a26f948d80217db35c9,expiry_invariants,COMPLETED_SUBGOAL,19,,False,True,0,/home/trimem-runner/skhynix-architecture-scale-001/pipeline-v13/learning-240/captures/4d25708a753fa4c56d1e605680f4ba98109d39b64e4efd0af5f7d0779951dfb5.json
swebench--django__django-13615,UNRESOLVED,d08835c6a393693919cc5e9781f7e441c6cf4da2ae2f7c9b7587104437bd30f5,episode:0c9e5c58348981d7efb6140c0f71f6307af58de9e1333a61ba37c5b6206279aa,locale_warning,COMPLETED_SUBGOAL,27,,False,True,18,/home/trimem-runner/skhynix-architecture-scale-001/pipeline-v13/learning-240/captures/d08835c6a393693919cc5e9781f7e441c6cf4da2ae2f7c9b7587104437bd30f5.json
swebench--django__django-13615,UNRESOLVED,95244f629afdbcce21acb8499a1f86f749bfc0e69a35cec308d02760b9bafdc5,episode:43b53cc4287087af334912074a1048a6ccd85c8fe7d4a985d99fc7d87f062426,locale_compatibility,COMPLETED_SUBGOAL,45,,False,True,0,/home/trimem-runner/skhynix-architecture-scale-001/pipeline-v13/learning-240/captures/95244f629afdbcce21acb8499a1f86f749bfc0e69a35cec308d02760b9bafdc5.json
swebench--django__django-13671,UNRESOLVED,8634bd5080adfafa542a741013e141aa501aa5d88eb9a775fbd961f4ff550a33,episode:cf1e488b7f4028b85abf01d3bc2282c0bff8dcd248306e1e65b0d68d4a740079,cache-none,COMPLETED_SUBGOAL,16,,False,True,10,/home/trimem-runner/skhynix-architecture-scale-001/pipeline-v13/learning-240/captures/8634bd5080adfafa542a741013e141aa501aa5d88eb9a775fbd961f4ff550a33.json
swebench--django__django-13671,UNRESOLVED,fcc9d540019a118d50e3143c6030fec119a05255a36ba43cfbe0a3e7d9d743ec,episode:e55af16173c928276dc95f271fcf5048396e8661891f8785d294895f32110c68,cache-contract,COMPLETED_SUBGOAL,45,,False,True,0,/home/trimem-runner/skhynix-architecture-scale-001/pipeline-v13/learning-240/captures/fcc9d540019a118d50e3143c6030fec119a05255a36ba43cfbe0a3e7d9d743ec.json
swebench--django__django-13684,RESOLVED,9c9dbc822273e32c45b9e0a76e55ddcfa68778f63ac8ca8cc18182c11b4c7c59,episode:ac91ea0d5f3e31eb8a6c3453a14c49d18238f5b2c7661bdaf28c603d89538adb,backend-diagnostic,COMPLETED_SUBGOAL,16,,False,True,4,/home/trimem-runner/skhynix-architecture-scale-001/pipeline-v13/learning-240/captures/9c9dbc822273e32c45b9e0a76e55ddcfa68778f63ac8ca8cc18182c11b4c7c59.json
swebench--django__django-13684,RESOLVED,b62d4818f5efc69efdffcacda9ea03cd84e6309e0c589b5dae83a2fc2afa93ca,episode:ad05ea21e3c317736c2abf970ae6aaf0f11c8a8deb671b230dbfea16561f0ef2,backend-invariants,COMPLETED_SUBGOAL,26,,False,True,0,/home/trimem-runner/skhynix-architecture-scale-001/pipeline-v13/learning-240/captures/b62d4818f5efc69efdffcacda9ea03cd84e6309e0c589b5dae83a2fc2afa93ca.json
swebench--django__django-13841,RESOLVED,1516d966f81d454f01b80c85aca9ce34481521504d3ee70e8f2d9ac8a0d99462,episode:73798301ae3bc2bca15ea927699ce7ec5d333ac366921c65c282dcbbdc6068ed,forms-version,COMPLETED_SUBGOAL,27,,False,True,4,/home/trimem-runner/skhynix-architecture-scale-001/pipeline-v13/learning-240/captures/1516d966f81d454f01b80c85aca9ce34481521504d3ee70e8f2d9ac8a0d99462.json
swebench--django__django-13841,RESOLVED,eaba3333545db0b153b478de4fe628063a504e0fa486a19824cee9f0b9cf3333,episode:1de228adb6695b623b33ac91a6e66a2a972afe2542c61cddad1860b301b0b13b,debug-password,COMPLETED_SUBGOAL,55,,False,True,0,/home/trimem-runner/skhynix-architecture-scale-001/pipeline-v13/learning-240/captures/eaba3333545db0b153b478de4fe628063a504e0fa486a19824cee9f0b9cf3333.json
swebench--django__django-13884,RESOLVED,064b2d63fdb2510cb639f1ff5f29ef65358a4c6e8af26d5dee52fee7846cc210,episode:58e59d45e330b84465f5d4310b0537c3927a9c7c9bad7a7889044c5e42c58a2f,preserve_encoded_redirect,COMPLETED_SUBGOAL,13,,False,True,7,/home/trimem-runner/skhynix-architecture-scale-001/pipeline-v13/learning-240/captures/064b2d63fdb2510cb639f1ff5f29ef65358a4c6e8af26d5dee52fee7846cc210.json
swebench--django__django-13884,RESOLVED,58b3e00cb291bc6b5176222fcfce5fb6efe5877957df362a5a711d59bd6a192a,episode:d85a4b914186cc0c66b490b170c6697b1c3a59bb002d46a1f91adcd936b78b66,verify_redirect_invariants,COMPLETED_SUBGOAL,32,,False,True,0,/home/trimem-runner/skhynix-architecture-scale-001/pipeline-v13/learning-240/captures/58b3e00cb291bc6b5176222fcfce5fb6efe5877957df362a5a711d59bd6a192a.json
swebench--django__django-13886,RESOLVED,6edc184db68b296561c45daee126d48dcccebb99f90e8e458d3cddaea61747c1,episode:6a7df89c074a6497651e3f24f6b2ef62b605ef91260824fd19ba3514307a09f3,functional-field-checks,COMPLETED_SUBGOAL,19,,False,True,13,/home/trimem-runner/skhynix-architecture-scale-001/pipeline-v13/learning-240/captures/6edc184db68b296561c45daee126d48dcccebb99f90e8e458d3cddaea61747c1.json
swebench--django__django-13886,RESOLVED,781790e313c73a03ab0f7800bfc4289b1c477c31fb0196f130bec1658e6698c2,episode:3d6cda7518c92284824367cc6a92a91318485703163bcf7e342e55df8fd8603c,index-check-compatibility,COMPLETED_SUBGOAL,31,,False,True,0,/home/trimem-runner/skhynix-architecture-scale-001/pipeline-v13/learning-240/captures/781790e313c73a03ab0f7800bfc4289b1c477c31fb0196f130bec1658e6698c2.json
swebench--django__django-14031,UNRESOLVED,9cdcb49e4b5eb0d3ea86e88e7a988ce3d04043abbe9242b5a5226fb08b57eeb3,episode:0cfff53a21696f03a6805897f44ee1c13d5f5060af0f89fef2a3e7d0f23750fb,inherited_lookup,COMPLETED_SUBGOAL,14,,False,True,8,/home/trimem-runner/skhynix-architecture-scale-001/pipeline-v13/learning-240/captures/9cdcb49e4b5eb0d3ea86e88e7a988ce3d04043abbe9242b5a5226fb08b57eeb3.json
swebench--django__django-14031,UNRESOLVED,bdaf3352ebefe9081b4b5ad5d3f36ee837d0169dd2bb219e2f79f2c7b606504a,episode:016d6575a98c5ecc8fb84403cf80e03f111b339f3fc2422612e706066e1b5f36,compatibility,COMPLETED_SUBGOAL,26,,False,True,0,/home/trimem-runner/skhynix-architecture-scale-001/pipeline-v13/learning-240/captures/bdaf3352ebefe9081b4b5ad5d3f36ee837d0169dd2bb219e2f79f2c7b606504a.json
swebench--django__django-14059,UNRESOLVED,9ef59f7fa8b779de683f40753f0bfca0fa7905a8c57e3aaa8f534461f273c3e1,episode:e84300e15e4b29bfcebf73b8eecb304a0c2686a4bf78d68c6a8e7c5bd99e4aca,reject_duplicate_fields,COMPLETED_SUBGOAL,10,,False,True,8,/home/trimem-runner/skhynix-architecture-scale-001/pipeline-v13/learning-240/captures/9ef59f7fa8b779de683f40753f0bfca0fa7905a8c57e3aaa8f534461f273c3e1.json
swebench--django__django-14059,UNRESOLVED,d41c5c0ba8a4cea852e7f543d0969f78bebf4771bf141ab086d49aebab7bddba,episode:04f5fd7eef374832c539e316761cb94722e4bcc1c629d674300c488d02ad04c0,preserve_constructor_semantics,COMPLETED_SUBGOAL,19,,False,True,0,/home/trimem-runner/skhynix-architecture-scale-001/pipeline-v13/learning-240/captures/d41c5c0ba8a4cea852e7f543d0969f78bebf4771bf141ab086d49aebab7bddba.json
swebench--django__django-14169,RESOLVED,b614a491cd23ca696fcac9def37d34bde8c4633b65869fa9660aeb025ac7999c,episode:5880a0d1ca2b278d63b45f167cc80920534b659e0380334ffbce18a35a930bc6,sqlite-clone-names,COMPLETED_SUBGOAL,19,,False,True,3,/home/trimem-runner/skhynix-architecture-scale-001/pipeline-v13/learning-240/captures/b614a491cd23ca696fcac9def37d34bde8c4633b65869fa9660aeb025ac7999c.json
swebench--django__django-14334,RESOLVED,cccda56f7fbda6a733aa9a3c95790395c8bfec15a753f421cab24fc4c9b5c44b,episode:a9c5e5ff1517e3cbe58be03c5f533f163737c8a40654c8d96bb8960b0de6434f,script-fallback,COMPLETED_SUBGOAL,14,,False,True,7,/home/trimem-runner/skhynix-architecture-scale-001/pipeline-v13/learning-240/captures/cccda56f7fbda6a733aa9a3c95790395c8bfec15a753f421cab24fc4c9b5c44b.json
swebench--django__django-14334,RESOLVED,b6b44bf4d7a2be16b5c8701c1675dbeae2217436866e0fd0d73ed71616774752,episode:cb6054b27fb7b85d2ff9b847e8463e50f928e17e3c5cfdb6da5821304f0ee5af,middleware-selection,COMPLETED_SUBGOAL,28,,False,True,0,/home/trimem-runner/skhynix-architecture-scale-001/pipeline-v13/learning-240/captures/b6b44bf4d7a2be16b5c8701c1675dbeae2217436866e0fd0d73ed71616774752.json
swebench--django__django-14645,RESOLVED,514b2fd5a291c4d459115973884592849c6963833cb77d140be21b3268025cb9,episode:93913ae9a83093546846553e49d10c38e0dd1a6b1cf48c22b462a2d782f8a909,reject_nonfinite,COMPLETED_SUBGOAL,12,,False,True,7,/home/trimem-runner/skhynix-architecture-scale-001/pipeline-v13/learning-240/captures/514b2fd5a291c4d459115973884592849c6963833cb77d140be21b3268025cb9.json
swebench--django__django-14645,RESOLVED,163e28662c63e86508898c14fde1435e048ec60210e38d0c20abface9475f445,episode:b3c30e84dc524b09d4804751ffaa9a1534c781b621622def18096c357c7f986f,verify_decimal,COMPLETED_SUBGOAL,23,,False,True,0,/home/trimem-runner/skhynix-architecture-scale-001/pipeline-v13/learning-240/captures/163e28662c63e86508898c14fde1435e048ec60210e38d0c20abface9475f445.json
swebench--django__django-14722,UNRESOLVED,2c7d34bdd96fe11bd4690a3ce085fc901d58f70bad129a684fa3b7a5e5e52d8e,episode:5eb24c5dfd977968adeb7d727e82205c56536af4bbb93e014b7e044c153c4ebc,constraint-order,COMPLETED_SUBGOAL,26,,False,True,9,/home/trimem-runner/skhynix-architecture-scale-001/pipeline-v13/learning-240/captures/2c7d34bdd96fe11bd4690a3ce085fc901d58f70bad129a684fa3b7a5e5e52d8e.json
swebench--django__django-14722,UNRESOLVED,9d30f83260d311e53deeb04d3cfa622c20c7f09fe7db8b6eac968373d661bc4a,episode:3bd861d1dc914e46886e5b495ef0d1de3f9db61cb90e202a587009e5fb3f7a77,ordering-compatibility,COMPLETED_SUBGOAL,37,,False,True,0,/home/trimem-runner/skhynix-architecture-scale-001/pipeline-v13/learning-240/captures/9d30f83260d311e53deeb04d3cfa622c20c7f09fe7db8b6eac968373d661bc4a.json
swebench--django__django-14751,RESOLVED,e1094bdf38d2eb693b8a8007ea6137fe14681d90b1c4af03be651a8524893cd7,episode:9b1be431138dd262ca2b2f3f913c0fd9687980c36e6eb846de2063644d8eb442,script_output,COMPLETED_SUBGOAL,22,,False,True,15,/home/trimem-runner/skhynix-architecture-scale-001/pipeline-v13/learning-240/captures/e1094bdf38d2eb693b8a8007ea6137fe14681d90b1c4af03be651a8524893cd7.json
swebench--django__django-14751,RESOLVED,0a0d28bd8754b96b004bfda33f30ffca8fbc81e391766749d75e28452fe03b1d,episode:da23ce4e52681453c8e349f6a9e80cd5f7d500975d2d0c7dc6f4cd728c541d88,output_contract,COMPLETED_SUBGOAL,43,,False,True,0,/home/trimem-runner/skhynix-architecture-scale-001/pipeline-v13/learning-240/captures/0a0d28bd8754b96b004bfda33f30ffca8fbc81e391766749d75e28452fe03b1d.json
swebench--django__django-15204,RESOLVED,b810dedb5112ef5c601f85d1101926bcc97e52496862bd211a185949557f4742,episode:242db5b5850df842267a8937568a3594792b5c4805364173a3f078c9a09917b1,malformed-duration,COMPLETED_SUBGOAL,9,,False,True,7,/home/trimem-runner/skhynix-architecture-scale-001/pipeline-v13/learning-240/captures/b810dedb5112ef5c601f85d1101926bcc97e52496862bd211a185949557f4742.json
swebench--django__django-15204,RESOLVED,ddc591054b2a4f832b445179c17d117fbdf5f6dba493bf86adf33dace6f75f7e,episode:32031b2123bb50c63670f89a70359e33d68b1a6972974197e7f344efbc764101,duration-validation,COMPLETED_SUBGOAL,22,,False,True,0,/home/trimem-runner/skhynix-architecture-scale-001/pipeline-v13/learning-240/captures/ddc591054b2a4f832b445179c17d117fbdf5f6dba493bf86adf33dace6f75f7e.json
swebench--django__django-15248,RESOLVED,f0b7ca25ea1c13900873cd355a714a48f646d5aea2efdcc16cc64f638830fd62,episode:9fe31dea52e2847b2f2738cdc01fa45a5f9e029a396bbc6f4b1b3c8ed33894c3,origin-signals,COMPLETED_SUBGOAL,21,,False,True,19,/home/trimem-runner/skhynix-architecture-scale-001/pipeline-v13/learning-240/captures/f0b7ca25ea1c13900873cd355a714a48f646d5aea2efdcc16cc64f638830fd62.json
swebench--django__django-15248,RESOLVED,7c7fb14863e1393551e4d982bf3aadd6219b0468f57ce52fec126cf4d9781023,episode:acf92d6fe91a9e490c7e48c305430013f50f0784e0cc842d781dd15a98fed52a,origin-contract,COMPLETED_SUBGOAL,40,,False,True,0,/home/trimem-runner/skhynix-architecture-scale-001/pipeline-v13/learning-240/captures/7c7fb14863e1393551e4d982bf3aadd6219b0468f57ce52fec126cf4d9781023.json
swebench--django__django-15491,RESOLVED,d0498048054362eab9683bca816dcd161b731505242d77f0dc19fa56bde08201,episode:a1c5984dc031a6660fbabd7a804bb42791d79d568e1b4c6f178e147ade2eb2e3,csrf_charset,COMPLETED_SUBGOAL,21,,False,True,7,/home/trimem-runner/skhynix-architecture-scale-001/pipeline-v13/learning-240/captures/d0498048054362eab9683bca816dcd161b731505242d77f0dc19fa56bde08201.json
swebench--django__django-15526,RESOLVED,f145edcdcce9c39f4108ce4c755752a23598fdf5013502cd98ec6c0fd97ab8ab,episode:0e3b06e10098ac4f540dc48be312cc734209580c03dd3a2df4e37ae9c86d2e8b,custom-admin-view-url,COMPLETED_SUBGOAL,30,,False,True,3,/home/trimem-runner/skhynix-architecture-scale-001/pipeline-v13/learning-240/captures/f145edcdcce9c39f4108ce4c755752a23598fdf5013502cd98ec6c0fd97ab8ab.json
swebench--django__django-15742,RESOLVED,690862e5a06d440f8637335488cd9b062c6667655be23373b3c8ad51db6f8fc0,episode:fdb9bd659e2ed2ec82b7e71151f01e2c757a037596d4961fbd7dd3cdcf43186b,asvar_safety,COMPLETED_SUBGOAL,11,,False,True,11,/home/trimem-runner/skhynix-architecture-scale-001/pipeline-v13/learning-240/captures/690862e5a06d440f8637335488cd9b062c6667655be23373b3c8ad51db6f8fc0.json
swebench--django__django-15742,RESOLVED,91fa735be77e6e8f72a8a3aff4d4e6518675dde6a16bde00d0a90fc80f073a15,episode:cfdb615cdadd92fa4836a0a8419075d220d7a0caf1122a28c50ac2d82b02d76f,translation_invariants,COMPLETED_SUBGOAL,22,,False,True,0,/home/trimem-runner/skhynix-architecture-scale-001/pipeline-v13/learning-240/captures/91fa735be77e6e8f72a8a3aff4d4e6518675dde6a16bde00d0a90fc80f073a15.json
swebench--django__django-15799,RESOLVED,3ee648847e9231f086ebca396af9ee840dc7cd7deef1e9a84890cca384ea02e7,episode:ddcb7be9b4b14e7b2fa9966b966bdba0f201311f1c7dcdb7bf158158d83e1f6d,respect_selection_mode,COMPLETED_SUBGOAL,12,,False,True,7,/home/trimem-runner/skhynix-architecture-scale-001/pipeline-v13/learning-240/captures/3ee648847e9231f086ebca396af9ee840dc7cd7deef1e9a84890cca384ea02e7.json
swebench--django__django-15799,RESOLVED,acf27584a11a1217953eb16cc42fe6cfe991bcea37bca24fee34fdb6ebb89c2c,episode:815017f23ef18d36bebe14ed3d8e22f6ff40c7ac9e2bb7e1418011d4fb1e95bc,verify_widget_compatibility,COMPLETED_SUBGOAL,24,,False,True,0,/home/trimem-runner/skhynix-architecture-scale-001/pipeline-v13/learning-240/captures/acf27584a11a1217953eb16cc42fe6cfe991bcea37bca24fee34fdb6ebb89c2c.json
swebench--django__django-15902,RESOLVED,245f1a8f9c0badf273609a19a8eecf52b1e197a5ba4b184fb52a69de99ab10ce,episode:78c1ba7afdf8b2b416ecabb332a597aa9c4785f77ad90f4b3064fdefd1f6d433,management-rendering,COMPLETED_SUBGOAL,25,,False,True,18,/home/trimem-runner/skhynix-architecture-scale-001/pipeline-v13/learning-240/captures/245f1a8f9c0badf273609a19a8eecf52b1e197a5ba4b184fb52a69de99ab10ce.json
swebench--django__django-15902,RESOLVED,5ae210e352bcd172f097a685f554b4da719300143c1b18c234cbff8c48276d1e,episode:4f13559bf0275528eb607e0b681863bc1620fd0c2fe71819da474280c3f5b55a,warning-compatibility,COMPLETED_SUBGOAL,35,,False,True,0,/home/trimem-runner/skhynix-architecture-scale-001/pipeline-v13/learning-240/captures/5ae210e352bcd172f097a685f554b4da719300143c1b18c234cbff8c48276d1e.json
swebench--django__django-15969,UNRESOLVED,3e19cd76063e4dd176c4b243ad55d0724f5f337f08156eaee8c76d5354c70dcb,episode:9e9e2542bec8a906cbb710bf7bb2b671b035365716421e9f1d7accc4e216bdf5,lazy_updates,COMPLETED_SUBGOAL,22,,False,True,20,/home/trimem-runner/skhynix-architecture-scale-001/pipeline-v13/learning-240/captures/3e19cd76063e4dd176c4b243ad55d0724f5f337f08156eaee8c76d5354c70dcb.json
swebench--django__django-15969,UNRESOLVED,1217bdb06b7e08e15a2476eedf48e3428710db92abb87cfcb297204cb2ab0e89,episode:45a609bd0da28daf378d67e286049770f49bcedff678d01f20fdf1bc33ac442f,deletion_invariants,COMPLETED_SUBGOAL,40,,False,True,0,/home/trimem-runner/skhynix-architecture-scale-001/pipeline-v13/learning-240/captures/1217bdb06b7e08e15a2476eedf48e3428710db92abb87cfcb297204cb2ab0e89.json
swebench--django__django-16111,RESOLVED,fb4076be51f7b11da8c1605ab7651cb6aeb9fb75c3e2c3408b8d6ab4f1e00e7e,episode:efca9839c2c1ea60deb1d1cf7b50c1ef23cdc4c8ccff2ab5176f8729be9fa520,now-precision,COMPLETED_SUBGOAL,16,,False,True,3,/home/trimem-runner/skhynix-architecture-scale-001/pipeline-v13/learning-240/captures/fb4076be51f7b11da8c1605ab7651cb6aeb9fb75c3e2c3408b8d6ab4f1e00e7e.json
swebench--django__django-16111,RESOLVED,19a3307f991e87424b52fb899da93e74ee4e306e60acfb2dc82d2eb28dfb8ab8,episode:4aabe7348f9ff26130efab3ed2787b43c503a64cd2dd302c27864e541813fb32,precision-docs-validation,COMPLETED_SUBGOAL,30,,False,True,0,/home/trimem-runner/skhynix-architecture-scale-001/pipeline-v13/learning-240/captures/19a3307f991e87424b52fb899da93e74ee4e306e60acfb2dc82d2eb28dfb8ab8.json
swebench--django__django-16143,RESOLVED,a0330c1272b4ade4a393c51aecbf13539294699b4a1e7c8b446fb8fd23fcea46,episode:44c4dfedccf319bbbabe65b920b49502ba61e4e93209e64467833b6eec64209e,preserve-cause,COMPLETED_SUBGOAL,20,,False,True,11,/home/trimem-runner/skhynix-architecture-scale-001/pipeline-v13/learning-240/captures/a0330c1272b4ade4a393c51aecbf13539294699b4a1e7c8b446fb8fd23fcea46.json
swebench--django__django-16143,RESOLVED,43c87fa3dd39992ce7b3b26148664902a82e1085149e6f95261b82071b8c0e69,episode:1c69c51334dbd7bcbb5cc23829f3f7a98625b7a1c1d0f5a538707684aa78ba31,cause-lifecycle,COMPLETED_SUBGOAL,34,,False,True,0,/home/trimem-runner/skhynix-architecture-scale-001/pipeline-v13/learning-240/captures/43c87fa3dd39992ce7b3b26148664902a82e1085149e6f95261b82071b8c0e69.json
swebench--django__django-16379,UNRESOLVED,448ba13f350875ac265deac1fc987afb386243a9b3442974f6ddd5f1a2c013ea,episode:adc38a8bb266296ca949d825e9bc34bd4486d522216fc426acfc9c0fd2dbeb6f,race-regression,COMPLETED_SUBGOAL,8,,False,True,7,/home/trimem-runner/skhynix-architecture-scale-001/pipeline-v13/learning-240/captures/448ba13f350875ac265deac1fc987afb386243a9b3442974f6ddd5f1a2c013ea.json
swebench--django__django-16379,UNRESOLVED,e8768fceff5937c496371af522a75c132f79ab62bbdebc8f7849bd798f49da74,episode:19e0adf12610eb85bdbe3cafe6782a0a50ad30e86eb0762511d9c086ba865037,race-fix,COMPLETED_SUBGOAL,20,,False,True,0,/home/trimem-runner/skhynix-architecture-scale-001/pipeline-v13/learning-240/captures/e8768fceff5937c496371af522a75c132f79ab62bbdebc8f7849bd798f49da74.json
swebench--django__django-16649,RESOLVED,5a66bf08253121513c4be3d0cdd9224e138fc027fcda333e6dc1166f24e323ce,episode:7423510ffdbc7e10cf90ff413a57c0a5e145995603831782d52c20f6c79a1cb1,annotation_order,COMPLETED_SUBGOAL,20,,False,True,13,/home/trimem-runner/skhynix-architecture-scale-001/pipeline-v13/learning-240/captures/5a66bf08253121513c4be3d0cdd9224e138fc027fcda333e6dc1166f24e323ce.json
swebench--django__django-16649,RESOLVED,01982016a6fcb686e8ccaf1725522646648cca85eeda9097b4005f23c420c860,episode:c9d55a4c753869c31cb575a6144c092b082f84c8bf58605931fc583315f35011,selection_invariants,COMPLETED_SUBGOAL,34,,False,True,0,/home/trimem-runner/skhynix-architecture-scale-001/pipeline-v13/learning-240/captures/01982016a6fcb686e8ccaf1725522646648cca85eeda9097b4005f23c420c860.json
swebench--django__django-16686,RESOLVED,d3ab3ebe92f3b6b19deda776072107e4396d284b089b5ae0170c66965bf89f63,episode:da895b04fc096cc4bdc001154dc157badc896c1cd30ce11269ea2b0284e65ef3,annotation_choices,COMPLETED_SUBGOAL,17,,False,True,13,/home/trimem-runner/skhynix-architecture-scale-001/pipeline-v13/learning-240/captures/d3ab3ebe92f3b6b19deda776072107e4396d284b089b5ae0170c66965bf89f63.json
swebench--django__django-16686,RESOLVED,abf79f88ad2b657820184351cb8119aa97a6aecfda6c11cd08b50a18e2e1c86d,episode:a42d4a006306e4cfeddc0f161525d949e6a07db3b8e0b4bc5a8abeeb2269d995,resolution_compatibility,COMPLETED_SUBGOAL,27,,False,True,0,/home/trimem-runner/skhynix-architecture-scale-001/pipeline-v13/learning-240/captures/abf79f88ad2b657820184351cb8119aa97a6aecfda6c11cd08b50a18e2e1c86d.json
swebench--django__django-16810,UNRESOLVED,5692b72b667409814b5129a422d9abcc3e50cfb2773bb2952a6d47b912c50474,episode:d132f2a8011a51cf29370dc377911239deb6ac5003513e008a18a0acb8077f56,default_language_resolution,COMPLETED_SUBGOAL,23,,False,True,18,/home/trimem-runner/skhynix-architecture-scale-001/pipeline-v13/learning-240/captures/5692b72b667409814b5129a422d9abcc3e50cfb2773bb2952a6d47b912c50474.json
swebench--django__django-16810,UNRESOLVED,69927d59fd7f4114b440d72211af5b64cd41d3ebaa534cc2583a5a0a4c479a1e,episode:e529cc98b7136d40039e9e0785513d8a50c93de8aa143fdd6414c9ac7a756dca,language_routing_invariants,COMPLETED_SUBGOAL,60,,False,True,0,/home/trimem-runner/skhynix-architecture-scale-001/pipeline-v13/learning-240/captures/69927d59fd7f4114b440d72211af5b64cd41d3ebaa534cc2583a5a0a4c479a1e.json
swebench--django__django-16858,RESOLVED,5a2e63311aa71933f7d7580f4d8442fe0ea7c89ce52bbdfdcc0c246e30c59366,episode:da1f0c7a83e4b4dbdc3a0b052e3f2836223fa812fe02fe99bb921636406ab265,json-preparation,COMPLETED_SUBGOAL,13,,False,True,9,/home/trimem-runner/skhynix-architecture-scale-001/pipeline-v13/learning-240/captures/5a2e63311aa71933f7d7580f4d8442fe0ea7c89ce52bbdfdcc0c246e30c59366.json
swebench--django__django-16858,RESOLVED,f1bca6f2ddf4e30659575108aa17e87ed62dbaa35cfba18944f8c51c06a0a96f,episode:cb031d5d0a48f9f75b518f5ee8f5aee233ea4034ef9d5f4e9c41e1f585822d4a,json-compatibility,COMPLETED_SUBGOAL,21,,False,True,0,/home/trimem-runner/skhynix-architecture-scale-001/pipeline-v13/learning-240/captures/f1bca6f2ddf4e30659575108aa17e87ed62dbaa35cfba18944f8c51c06a0a96f.json
swebench--django__django-16920,UNRESOLVED,8ec28583d63868d427e0f0227a6edd676f8b136e781d0cab72b80d7c551c521f,episode:0ef273cc487a7c4ab02e1096793dcb84351f153160cea7f3815f88325005a79e,associate_descriptions,COMPLETED_SUBGOAL,23,,False,True,12,/home/trimem-runner/skhynix-architecture-scale-001/pipeline-v13/learning-240/captures/8ec28583d63868d427e0f0227a6edd676f8b136e781d0cab72b80d7c551c521f.json
swebench--django__django-16920,UNRESOLVED,e869ac06edcc98fe5555b45d32b47d54007f00b639f0c738d10cde25a1f6a7ac,episode:8098f77080ca6ec3ed02a3c430f0eff630ce8efe1cb5e9591f0d329627652f57,verify_rendering,COMPLETED_SUBGOAL,77,,False,True,0,/home/trimem-runner/skhynix-architecture-scale-001/pipeline-v13/learning-240/captures/e869ac06edcc98fe5555b45d32b47d54007f00b639f0c738d10cde25a1f6a7ac.json
swebench--django__django-5158,UNRESOLVED,e26e2715e271838a3e115e054c595708bdfae518086ad4e47c2947a06ae4de04,episode:e4aa71aba11d697929320ad73e4cd42c5dc0403dc37f6f8e5c8692d1634e4224,unknown-without-settings,COMPLETED_SUBGOAL,27,,False,True,17,/home/trimem-runner/skhynix-architecture-scale-001/pipeline-v13/learning-240/captures/e26e2715e271838a3e115e054c595708bdfae518086ad4e47c2947a06ae4de04.json
swebench--django__django-5158,UNRESOLVED,80c9f6089a24f61e0f0f1c3585586d1172e7543c8622ba8a70f016bb19326812,episode:a289f60dc2cd73d5f3792d5038ca122c6097c75d4ef57bf09d88ce63ce80ef0e,settings-error-invariants,COMPLETED_SUBGOAL,44,,False,True,0,/home/trimem-runner/skhynix-architecture-scale-001/pipeline-v13/learning-240/captures/80c9f6089a24f61e0f0f1c3585586d1172e7543c8622ba8a70f016bb19326812.json
swebench--django__django-5470,RESOLVED,57866472d15f9dd4a0af1cf84681434fc1ad6c8307d86d8b509858b85cbfa3c7,episode:76f427cae1bb1a63483357ce7a252b413281de96b233c392e3b6bf36d471cc0a,setup-prefix,COMPLETED_SUBGOAL,27,,False,True,20,/home/trimem-runner/skhynix-architecture-scale-001/pipeline-v13/learning-240/captures/57866472d15f9dd4a0af1cf84681434fc1ad6c8307d86d8b509858b85cbfa3c7.json
swebench--django__django-5470,RESOLVED,d61006a10274ad9d19d22d214a12a049e4ce41a775fbbb624d2e319f64af65de,episode:9c21b3609aff26af16b4dcac56607af4a61263c305da2f90cc0b8f351c308789,request-compatibility,COMPLETED_SUBGOAL,55,,False,True,0,/home/trimem-runner/skhynix-architecture-scale-001/pipeline-v13/learning-240/captures/d61006a10274ad9d19d22d214a12a049e4ce41a775fbbb624d2e319f64af65de.json
swebench--django__django-8961,RESOLVED,513bb5037a6940877271211e14aa6c3be65d501d3504d6f48a901dc37fbbb8b8,episode:9d70c789996af86be14bb32e4495a990cfb7e17ceba655439858acb92d9c2fe3,module-program-name,COMPLETED_SUBGOAL,26,,False,True,22,/home/trimem-runner/skhynix-architecture-scale-001/pipeline-v13/learning-240/captures/513bb5037a6940877271211e14aa6c3be65d501d3504d6f48a901dc37fbbb8b8.json
swebench--django__django-8961,RESOLVED,044967416062c8b154b96815683aa347f1dc63feda6af4d0a580090396724fd5,episode:3ef1edcfd313f3db612392b2248715da28751d984745a387c73682bc32043054,script-guidance,COMPLETED_SUBGOAL,40,,False,True,0,/home/trimem-runner/skhynix-architecture-scale-001/pipeline-v13/learning-240/captures/044967416062c8b154b96815683aa347f1dc63feda6af4d0a580090396724fd5.json
swebench--django__django-9003,RESOLVED,90cc457344b765f73b953b82d73f4c7cf6135cc2e3152b67939e3f528ade9d39,episode:c950020ea37f7fff2824cf770dbb972e5d484bc3f62955417ac7363a70da713e,alias_order,COMPLETED_SUBGOAL,20,,False,True,18,/home/trimem-runner/skhynix-architecture-scale-001/pipeline-v13/learning-240/captures/90cc457344b765f73b953b82d73f4c7cf6135cc2e3152b67939e3f528ade9d39.json
swebench--django__django-9003,RESOLVED,06a6cb7dba2b91f99c633c479526d43e2323fa603be44730891125de39f9ae23,episode:9375c615a98c3f4fe0fe0075cb4e428589c09ee191d00527a4ce437bfd868547,query_invariants,COMPLETED_SUBGOAL,37,,False,True,0,/home/trimem-runner/skhynix-architecture-scale-001/pipeline-v13/learning-240/captures/06a6cb7dba2b91f99c633c479526d43e2323fa603be44730891125de39f9ae23.json
swebench--matplotlib__matplotlib-13859,UNRESOLVED,a69f3827a4488283e327d7e369f6f60f8f399050269218e374b5860af303419f,episode:55808791aaff9a5247abc5c729a107bcbb2255cebd6572c08114eae1a5e6ec99,zero-size-png,PUBLIC_TEST_OBSERVATION,31,GREEN,True,False,12,/home/trimem-runner/skhynix-architecture-scale-001/pipeline-v13/learning-240/captures/a69f3827a4488283e327d7e369f6f60f8f399050269218e374b5860af303419f.json
swebench--matplotlib__matplotlib-13859,UNRESOLVED,0441812459d8ed91f0b6b6185cfd53f495126d1e7b2796f4065caa5f9995b07c,episode:478bb61c71bef672840f85e430441476bd8200aaec8964dcab2c7161e8168095,zero-size-png,COMPLETED_SUBGOAL,39,,False,True,12,/home/trimem-runner/skhynix-architecture-scale-001/pipeline-v13/learning-240/captures/0441812459d8ed91f0b6b6185cfd53f495126d1e7b2796f4065caa5f9995b07c.json
swebench--matplotlib__matplotlib-13859,UNRESOLVED,73536c69c7250cd46b852bf2f9c86f15eb8e5f1bcdce01f098140d14aaf32bda,episode:e8ccf4c72d2dbaf3558fb1389fa3b36a1f6312f37cc54b4d6df02f2b9549e034,raster-invariants,PUBLIC_TEST_OBSERVATION,55,GREEN,True,False,0,/home/trimem-runner/skhynix-architecture-scale-001/pipeline-v13/learning-240/captures/73536c69c7250cd46b852bf2f9c86f15eb8e5f1bcdce01f098140d14aaf32bda.json
swebench--matplotlib__matplotlib-13859,UNRESOLVED,03333d5401de3efe671247ce42d30604bef4897eb8fa088fde873647fb007a5e,episode:e0f8c60fba809ca684ef79675a69811e39f54a25d906bd6173a849874d7e26a9,raster-invariants,COMPLETED_SUBGOAL,61,,False,True,0,/home/trimem-runner/skhynix-architecture-scale-001/pipeline-v13/learning-240/captures/03333d5401de3efe671247ce42d30604bef4897eb8fa088fde873647fb007a5e.json
swebench--matplotlib__matplotlib-13908,UNRESOLVED,83898d48e25919c798578d51a3f081b38db4f7ef6054dbeeef611dc4a13f3c6a,episode:ca8a95cb50dfa7940b2d6f6caba1266fcac3f9d9677de628b063210e12e77376,coincident_minor_labels,PUBLIC_TEST_OBSERVATION,25,RED,False,False,13,/home/trimem-runner/skhynix-architecture-scale-001/pipeline-v13/learning-240/captures/83898d48e25919c798578d51a3f081b38db4f7ef6054dbeeef611dc4a13f3c6a.json
swebench--matplotlib__matplotlib-13908,UNRESOLVED,dc24eedb56337d54dfafdf140e0e6d7e481d516916b704cfbde9beef3422bde1,episode:96eff6b3c8363ac190cf052315e6384a298c58b5eec78fdaab63ba7ec7027ece,coincident_minor_labels,PUBLIC_TEST_OBSERVATION,41,GREEN,True,False,13,/home/trimem-runner/skhynix-architecture-scale-001/pipeline-v13/learning-240/captures/dc24eedb56337d54dfafdf140e0e6d7e481d516916b704cfbde9beef3422bde1.json
swebench--matplotlib__matplotlib-13908,UNRESOLVED,d0f9a7278e72f9a2d3843634a44505bd53587ff08662f4351fccc3af5233fdb7,episode:44cb64f6612cafd2beaaabac3e2db1301f1f179fc572242d6ef92a767231b0c3,coincident_minor_labels,COMPLETED_SUBGOAL,47,,False,True,13,/home/trimem-runner/skhynix-architecture-scale-001/pipeline-v13/learning-240/captures/d0f9a7278e72f9a2d3843634a44505bd53587ff08662f4351fccc3af5233fdb7.json
swebench--matplotlib__matplotlib-13908,UNRESOLVED,b5debeb08d38ae1787b038691c75ece25df4de0bf0c620a16dc7ea570cf0482b,episode:40b94f0d291ba75e4bc703fbe51689880a2293573ae1d2f13ee7b04ed8cfb8b0,overlap_compatibility,PUBLIC_TEST_OBSERVATION,72,GREEN,True,False,0,/home/trimem-runner/skhynix-architecture-scale-001/pipeline-v13/learning-240/captures/b5debeb08d38ae1787b038691c75ece25df4de0bf0c620a16dc7ea570cf0482b.json
swebench--matplotlib__matplotlib-13908,UNRESOLVED,cbe5b2841ac4e8f40e2b49cb04a8340b7dd01ff38e9e75e261b59041e184b3eb,episode:6fcdad7d1e6315fe0d6c6ae67d97b4792e94a71a29fa2307d28e67984ed8c663,overlap_compatibility,COMPLETED_SUBGOAL,85,,False,True,0,/home/trimem-runner/skhynix-architecture-scale-001/pipeline-v13/learning-240/captures/cbe5b2841ac4e8f40e2b49cb04a8340b7dd01ff38e9e75e261b59041e184b3eb.json
swebench--matplotlib__matplotlib-13959,UNRESOLVED,3cf4d3065b32700eeaee5e55bb62f1407346cb1788728868b6ef65a4352e0ecb,episode:e1cf54429e00357b1220ee7abe3ecf5399c1df10ea206cb6056c1dbcd90721cb,color_size,PUBLIC_TEST_OBSERVATION,20,GREEN,True,False,6,/home/trimem-runner/skhynix-architecture-scale-001/pipeline-v13/learning-240/captures/3cf4d3065b32700eeaee5e55bb62f1407346cb1788728868b6ef65a4352e0ecb.json
swebench--matplotlib__matplotlib-13959,UNRESOLVED,5567e3ac8cd056c241c02efc3581f7705c9af83b8d8ba1368f0d052a57ee8cfc,episode:50be0964e1088088d5aca11260944bff057ba5a0bb87204b4d9f88a0b6491db9,color_size,TERMINAL_ACTIVE,35,,False,False,6,/home/trimem-runner/skhynix-architecture-scale-001/pipeline-v13/learning-240/captures/5567e3ac8cd056c241c02efc3581f7705c9af83b8d8ba1368f0d052a57ee8cfc.json
swebench--matplotlib__matplotlib-21238,UNRESOLVED,bcfce1e39ed921370167694d4d47ce0f01b16d4c9cd75bb98a0a660c77f43f3a,episode:82b9d9b8508ce30c03d3a8d362221c2369901016961828bd75068d717e23fd62,invalid_event_validation,PUBLIC_TEST_OBSERVATION,24,GREEN,True,False,0,/home/trimem-runner/skhynix-architecture-scale-001/pipeline-v13/learning-240/captures/bcfce1e39ed921370167694d4d47ce0f01b16d4c9cd75bb98a0a660c77f43f3a.json
swebench--matplotlib__matplotlib-21238,UNRESOLVED,a07d5fb40291e186e7879155b3d223a7750ad7d96a75e029833d251dff97b833,episode:af010b7f5b33fb6e48c24307f8b1bbc48ceddfa651d88d1faed143646f345ea8,invalid_event_validation,COMPLETED_SUBGOAL,25,,True,True,0,/home/trimem-runner/skhynix-architecture-scale-001/pipeline-v13/learning-240/captures/a07d5fb40291e186e7879155b3d223a7750ad7d96a75e029833d251dff97b833.json
swebench--matplotlib__matplotlib-21238,UNRESOLVED,36c5b19d9dc3df30cfe7ef7f8998afedb75031380808e7861d338685a07a4037,episode:9a82b36881a7bc3f58cfae88705e6f0d56c3f56b8f1566a69c216963f461a58b,callback_compatibility,COMPLETED_SUBGOAL,49,,False,True,0,/home/trimem-runner/skhynix-architecture-scale-001/pipeline-v13/learning-240/captures/36c5b19d9dc3df30cfe7ef7f8998afedb75031380808e7861d338685a07a4037.json
swebench--matplotlib__matplotlib-22835,UNRESOLVED,f102977590f9edae96875050a6c7cb24207be55221be1c78c13449bd8d5c43e0,episode:1411c1554ba24ad4652f17764008d7f3299d94d9b90dc8b798a08c7b16a3b0c4,boundary-cursor,PUBLIC_TEST_OBSERVATION,30,GREEN,True,False,10,/home/trimem-runner/skhynix-architecture-scale-001/pipeline-v13/learning-240/captures/f102977590f9edae96875050a6c7cb24207be55221be1c78c13449bd8d5c43e0.json
swebench--matplotlib__matplotlib-22835,UNRESOLVED,f6bcb950cdeccc01363b18f0988d88d4d3d4080e94657e827a8f501f701cabe6,episode:493eba569c5000155f826ec7a4dd3ea060431010cc3a15f3c5bfccad3a476c01,boundary-cursor,COMPLETED_SUBGOAL,32,,False,True,10,/home/trimem-runner/skhynix-architecture-scale-001/pipeline-v13/learning-240/captures/f6bcb950cdeccc01363b18f0988d88d4d3d4080e94657e827a8f501f701cabe6.json
swebench--matplotlib__matplotlib-22835,UNRESOLVED,a566bbeec6525ddeee779568e8fe98578a8b79dd16f4ef2762563e774b881b5f,episode:a0483e73a71406d29c190d1a0c75ed6338fe4e3a9426ab84f40eb4fdf2888b9c,format-invariants,PUBLIC_TEST_OBSERVATION,47,GREEN,True,False,0,/home/trimem-runner/skhynix-architecture-scale-001/pipeline-v13/learning-240/captures/a566bbeec6525ddeee779568e8fe98578a8b79dd16f4ef2762563e774b881b5f.json
swebench--matplotlib__matplotlib-22835,UNRESOLVED,9434554d955a3bd86af5e32703ec51b58ee7a10fe5efa55fcd73df3b8dc6ca31,episode:bf892324ea195863b50cbaff82294e5f44f6cf6500d13d05be946c5991358ae5,format-invariants,PUBLIC_TEST_OBSERVATION,52,GREEN,True,False,0,/home/trimem-runner/skhynix-architecture-scale-001/pipeline-v13/learning-240/captures/9434554d955a3bd86af5e32703ec51b58ee7a10fe5efa55fcd73df3b8dc6ca31.json
swebench--matplotlib__matplotlib-22835,UNRESOLVED,8fbe9333084c9f84bbb59bc0deffa82c18cbb8028ddb22e6fc0bf0d4d90d4885,episode:21f458eba04ab7ce47fa83d9e42fa4e8f21c90f1306c9de0cf42a2d622c0196e,format-invariants,COMPLETED_SUBGOAL,59,,False,True,0,/home/trimem-runner/skhynix-architecture-scale-001/pipeline-v13/learning-240/captures/8fbe9333084c9f84bbb59bc0deffa82c18cbb8028ddb22e6fc0bf0d4d90d4885.json
swebench--matplotlib__matplotlib-22883,UNRESOLVED,9f39d5d81ee59be3dd78160a596c2df5cd48632f5f68d2fc81d28f1e10721186,episode:108be78ed5b7fbd2559bfcba9d6b1d0d428d843ccc1c47f643b241efa7115fcb,tripcolor_warning,COMPLETED_SUBGOAL,21,,False,True,7,/home/trimem-runner/skhynix-architecture-scale-001/pipeline-v13/learning-240/captures/9f39d5d81ee59be3dd78160a596c2df5cd48632f5f68d2fc81d28f1e10721186.json
swebench--matplotlib__matplotlib-23047,RESOLVED,875761d17d36f4aca2fa4fb7ea6ec85c30038aa0a009746f2ef3e91f66336cd1,episode:273f402248d133143d727f8886011f8bae3e3f1ff085ac00484c0f9ad1f45f42,precise_edges,PUBLIC_TEST_OBSERVATION,21,RED,False,False,4,/home/trimem-runner/skhynix-architecture-scale-001/pipeline-v13/learning-240/captures/875761d17d36f4aca2fa4fb7ea6ec85c30038aa0a009746f2ef3e91f66336cd1.json
swebench--matplotlib__matplotlib-23047,RESOLVED,52201c283f47f07898cd2728a4f7037d245f6bbedc80f8bdd3fe2b6cd1d4f431,episode:510625a95141d20d27a421072727feed3d03c0c46a20a96be6616781ec624cdc,precise_edges,PUBLIC_TEST_OBSERVATION,23,GREEN,True,False,4,/home/trimem-runner/skhynix-architecture-scale-001/pipeline-v13/learning-240/captures/52201c283f47f07898cd2728a4f7037d245f6bbedc80f8bdd3fe2b6cd1d4f431.json
swebench--matplotlib__matplotlib-23047,RESOLVED,c12b508b80accc567cabd0c4395b4a4f352aaf0381fd99606c022d15ba8b82de,episode:030f66ba2393bd73b9d76952e4d2c906eefa23ea40f7a56529956465ea446179,precise_edges,COMPLETED_SUBGOAL,28,,False,True,4,/home/trimem-runner/skhynix-architecture-scale-001/pipeline-v13/learning-240/captures/c12b508b80accc567cabd0c4395b4a4f352aaf0381fd99606c022d15ba8b82de.json
swebench--matplotlib__matplotlib-23047,RESOLVED,d2a0558435ea182028f9a24f4c33c4585c709e762f736b86bc54ec8e4d4540ce,episode:f3e255efb82a3933849b3c72062b61ee9b9128dfd3a3ec52938072a349c25d2e,hist_invariants,PUBLIC_TEST_OBSERVATION,39,RED,False,False,0,/home/trimem-runner/skhynix-architecture-scale-001/pipeline-v13/learning-240/captures/d2a0558435ea182028f9a24f4c33c4585c709e762f736b86bc54ec8e4d4540ce.json
swebench--matplotlib__matplotlib-23047,RESOLVED,acdf7ca4f3e30d5f29ae38d01e7d7bd34b5a55b328d8ac2730f789b63317b15a,episode:714264b3df9dda04d30b1f5064d8901cba582af160bc98c6165ea7b445ea25f9,hist_invariants,PUBLIC_TEST_OBSERVATION,41,GREEN,True,False,0,/home/trimem-runner/skhynix-architecture-scale-001/pipeline-v13/learning-240/captures/acdf7ca4f3e30d5f29ae38d01e7d7bd34b5a55b328d8ac2730f789b63317b15a.json
swebench--matplotlib__matplotlib-23047,RESOLVED,bb44391155b3065f6f1175e4f9ab579ed8acf3201ca38d4588d56e52d4ee9269,episode:8f889a429389978047d0439322abbd1ef69e616716285151f9f8bbecc5a354ac,hist_invariants,PUBLIC_TEST_OBSERVATION,43,RED,False,False,0,/home/trimem-runner/skhynix-architecture-scale-001/pipeline-v13/learning-240/captures/bb44391155b3065f6f1175e4f9ab579ed8acf3201ca38d4588d56e52d4ee9269.json
swebench--matplotlib__matplotlib-23047,RESOLVED,b848fac16f4c533aa34e8aad61a5f1041c634571b12880888e63f7306c89fcc0,episode:e0c298ceab310eca55bae254bc6f05e4fedfbe0bd3c1de21211e05aa18c89404,hist_invariants,PUBLIC_TEST_OBSERVATION,46,GREEN,True,False,0,/home/trimem-runner/skhynix-architecture-scale-001/pipeline-v13/learning-240/captures/b848fac16f4c533aa34e8aad61a5f1041c634571b12880888e63f7306c89fcc0.json
swebench--matplotlib__matplotlib-23047,RESOLVED,1ad784647fb91ca88eac46114f4d1ae3aa8077585d06d25f9b6f4f549d8db8b5,episode:a7d74991c4fd218580590aea46eeb0667cf63b97950872ba2759920e0fd3f278,hist_invariants,COMPLETED_SUBGOAL,52,,False,True,0,/home/trimem-runner/skhynix-architecture-scale-001/pipeline-v13/learning-240/captures/1ad784647fb91ca88eac46114f4d1ae3aa8077585d06d25f9b6f4f549d8db8b5.json
swebench--matplotlib__matplotlib-23266,RESOLVED,78afd73c0abf24a1146a654463900780101a2b387cbd5ac564a4ac03e247b9b7,episode:66e8b8faa625c8fc4615f09535d046020b694341a1747a83d5f6576ab30f56e4,negative-style-kwarg,COMPLETED_SUBGOAL,29,,False,True,9,/home/trimem-runner/skhynix-architecture-scale-001/pipeline-v13/learning-240/captures/78afd73c0abf24a1146a654463900780101a2b387cbd5ac564a4ac03e247b9b7.json
swebench--matplotlib__matplotlib-23266,RESOLVED,0962e3104fd14c615de74b08da77ceed0741a724c1d28473c233d01c7d6de0b6,episode:11f38e10eb84be6c9ca24eccaaacaa69f17e6758a9e3babb4f5bae0f0c5b7ddf,negative-style-contract,COMPLETED_SUBGOAL,49,,False,True,0,/home/trimem-runner/skhynix-architecture-scale-001/pipeline-v13/learning-240/captures/0962e3104fd14c615de74b08da77ceed0741a724c1d28473c233d01c7d6de0b6.json
swebench--matplotlib__matplotlib-23332,RESOLVED,8a16a0734b4026de23d386106f08330b42bd817eb63aad1646370a0dabc4aacd,episode:29e6e6a8711e104c3eddfa96f1b43296a8662914cbef335e5a6db302e6ee983d,validate_text_properties,PUBLIC_TEST_OBSERVATION,28,RED,False,False,10,/home/trimem-runner/skhynix-architecture-scale-001/pipeline-v13/learning-240/captures/8a16a0734b4026de23d386106f08330b42bd817eb63aad1646370a0dabc4aacd.json
swebench--matplotlib__matplotlib-23332,RESOLVED,0c042272123befdd56ad6c0fe9c76070c8f33bc7d320e4d54d950b8ab76b8416,episode:f558933f3e4c35a883057a5e24d238c6165c38f1202255977830e6b53ba98247,validate_text_properties,PUBLIC_TEST_OBSERVATION,32,GREEN,True,False,10,/home/trimem-runner/skhynix-architecture-scale-001/pipeline-v13/learning-240/captures/0c042272123befdd56ad6c0fe9c76070c8f33bc7d320e4d54d950b8ab76b8416.json
swebench--matplotlib__matplotlib-23332,RESOLVED,ce8894331a722c8fb9fc71afd8417d6748cc4edd931e3fa1590ab520377fa58a,episode:1173e60bae7afb5880d8db1a45313f1820910fced64b5acfff36ba1e91040844,validate_text_properties,COMPLETED_SUBGOAL,37,,False,True,10,/home/trimem-runner/skhynix-architecture-scale-001/pipeline-v13/learning-240/captures/ce8894331a722c8fb9fc71afd8417d6748cc4edd931e3fa1590ab520377fa58a.json
swebench--matplotlib__matplotlib-23332,RESOLVED,f610660b0fccd0b5b56a54988fbcc45aa0238293665c5c55893bbd572ede2e5d,episode:6487a06a8c6f3eb17b257c33ef682303483891b35c3eda9bcfe16f5c21e10c31,verify_text_compatibility,PUBLIC_TEST_OBSERVATION,46,GREEN,True,False,0,/home/trimem-runner/skhynix-architecture-scale-001/pipeline-v13/learning-240/captures/f610660b0fccd0b5b56a54988fbcc45aa0238293665c5c55893bbd572ede2e5d.json
swebench--matplotlib__matplotlib-23332,RESOLVED,7732aa4b8f554c522c92284e6e775108d0fd69a16ddfc7d86d02ab3ea4e3a2a3,episode:4dc74dc3cf814c2ac5c2631bdd3208a447a5bfd601bcc42fe7f6a3d2f9be02f4,verify_text_compatibility,COMPLETED_SUBGOAL,52,,False,True,0,/home/trimem-runner/skhynix-architecture-scale-001/pipeline-v13/learning-240/captures/7732aa4b8f554c522c92284e6e775108d0fd69a16ddfc7d86d02ab3ea4e3a2a3.json
swebench--matplotlib__matplotlib-24224,UNRESOLVED,4337e0bac6fe51c43c3a8521307d39a532c347c319eed593605b60183ea3b47b,episode:0843a9b9b2fe76d9908c0db21c45d5b1aa4ebc5c45ed6cdae16207ffdda03264,julian-api,COMPLETED_SUBGOAL,29,,False,True,9,/home/trimem-runner/skhynix-architecture-scale-001/pipeline-v13/learning-240/captures/4337e0bac6fe51c43c3a8521307d39a532c347c319eed593605b60183ea3b47b.json
swebench--matplotlib__matplotlib-24224,UNRESOLVED,c65befa316dc90950685e281e65a7aeb50a432035f06ac77359f1aba50e96910,episode:a0aedb1f9da5bdfde7fff16d89ea670b34a8cb8902b3edccc74e663a742f5907,dates-organization,COMPLETED_SUBGOAL,52,,False,True,0,/home/trimem-runner/skhynix-architecture-scale-001/pipeline-v13/learning-240/captures/c65befa316dc90950685e281e65a7aeb50a432035f06ac77359f1aba50e96910.json
swebench--matplotlib__matplotlib-24250,RESOLVED,ca2ab8ce36ff941d2d0efd0149ca4d6b2d302c9878b86a0f446f14e36fac06ba,episode:e0e529af124b32f469c0f2f50f036f1fa8f51ee940d4cbcf99778487213a3aae,mouse-key-before-pick,PUBLIC_TEST_OBSERVATION,30,RED,False,False,15,/home/trimem-runner/skhynix-architecture-scale-001/pipeline-v13/learning-240/captures/ca2ab8ce36ff941d2d0efd0149ca4d6b2d302c9878b86a0f446f14e36fac06ba.json
swebench--matplotlib__matplotlib-24250,RESOLVED,1208b7d0a9a3d6b3b1fc88eff31ab66cf8faeb451b1104955ca8ed27c8a19410,episode:1cd3cc6cf4629b2a9b809308dfd6461c2ca0cdd55888baee7908836c4cdd9496,mouse-key-before-pick,PUBLIC_TEST_OBSERVATION,32,GREEN,True,False,15,/home/trimem-runner/skhynix-architecture-scale-001/pipeline-v13/learning-240/captures/1208b7d0a9a3d6b3b1fc88eff31ab66cf8faeb451b1104955ca8ed27c8a19410.json
swebench--matplotlib__matplotlib-24250,RESOLVED,0e7d7808c4312febde51649c9a90aed9f090e0418c6e45c0faa976645c8999f6,episode:7fc62085e99fbeb0e1473085fc732181583e56e70f251466653c7a6ae06da7c5,mouse-key-before-pick,COMPLETED_SUBGOAL,36,,False,True,15,/home/trimem-runner/skhynix-architecture-scale-001/pipeline-v13/learning-240/captures/0e7d7808c4312febde51649c9a90aed9f090e0418c6e45c0faa976645c8999f6.json
swebench--matplotlib__matplotlib-24250,RESOLVED,dea4a7537f7bbee641ac918728338c5544ec56b4a08b70c13d2c4a20dececb98,episode:a7d97ec97d9035fa7aa91a84673c74752515915d0f1ba7b827f17f1456e80708,event-compatibility,PUBLIC_TEST_OBSERVATION,40,GREEN,True,False,0,/home/trimem-runner/skhynix-architecture-scale-001/pipeline-v13/learning-240/captures/dea4a7537f7bbee641ac918728338c5544ec56b4a08b70c13d2c4a20dececb98.json
swebench--matplotlib__matplotlib-24250,RESOLVED,80c645482feeb2eb5de5aa477ec2ffba69fe8eb9bcca3b051aac3af4c292f0f9,episode:7f663c9272a9d7e42f03ff0a23ec9b607db7896b6d1947ee0283a7d45f954c16,event-compatibility,PUBLIC_TEST_OBSERVATION,43,GREEN,True,False,0,/home/trimem-runner/skhynix-architecture-scale-001/pipeline-v13/learning-240/captures/80c645482feeb2eb5de5aa477ec2ffba69fe8eb9bcca3b051aac3af4c292f0f9.json
swebench--matplotlib__matplotlib-24250,RESOLVED,23152f26ffcad6a085809b097ec1862825c705e84ccd10508470f41fe3ad03e8,episode:2fffe01e75d7bb1eef0ef38f405a3ffb65bdcc6454a545548076dee2e9070c73,event-compatibility,COMPLETED_SUBGOAL,51,,False,True,0,/home/trimem-runner/skhynix-architecture-scale-001/pipeline-v13/learning-240/captures/23152f26ffcad6a085809b097ec1862825c705e84ccd10508470f41fe3ad03e8.json
swebench--matplotlib__matplotlib-24619,UNRESOLVED,0337983c509c8542c870fc2569822127e7bfa9bbe62151f18d627f53a0d3bed7,episode:e73876ad3027a80aa5356c0a1d2cc3e0bc104aeacd824ff97857ddde1c635207,integer_mesh_colors,PUBLIC_TEST_OBSERVATION,27,GREEN,True,False,10,/home/trimem-runner/skhynix-architecture-scale-001/pipeline-v13/learning-240/captures/0337983c509c8542c870fc2569822127e7bfa9bbe62151f18d627f53a0d3bed7.json
swebench--matplotlib__matplotlib-24619,UNRESOLVED,8792942b037586d232bccc85447ddf39fc96290592fe124a024d97f92260c8ae,episode:9ad7ff42220e6478f90ff452787c39f25e298537e2e9e2f064abbb4d8f1c0367,integer_mesh_colors,PUBLIC_TEST_OBSERVATION,28,GREEN,True,False,10,/home/trimem-runner/skhynix-architecture-scale-001/pipeline-v13/learning-240/captures/8792942b037586d232bccc85447ddf39fc96290592fe124a024d97f92260c8ae.json
swebench--matplotlib__matplotlib-24619,UNRESOLVED,ac18b9806125cc68a69d7109e257291b8b264c79947ef1129c7163ab967c7212,episode:bf721882a996e6e822929db1e029157f1f59622a90d3118a5a1a02efb89b4819,integer_mesh_colors,COMPLETED_SUBGOAL,34,,False,True,10,/home/trimem-runner/skhynix-architecture-scale-001/pipeline-v13/learning-240/captures/ac18b9806125cc68a69d7109e257291b8b264c79947ef1129c7163ab967c7212.json
swebench--matplotlib__matplotlib-24619,UNRESOLVED,6e4ce800250fe8decfd367127d04389fdc778362508f4d1ef764fe90e1abac73,episode:65a02eee05ad874263259f1a90a5e2e36ab7beefdec2092860c7d1030576ef0e,color_contract_validation,PUBLIC_TEST_OBSERVATION,47,GREEN,True,False,0,/home/trimem-runner/skhynix-architecture-scale-001/pipeline-v13/learning-240/captures/6e4ce800250fe8decfd367127d04389fdc778362508f4d1ef764fe90e1abac73.json
swebench--matplotlib__matplotlib-24619,UNRESOLVED,e729b53cf2b3ff4baaa16544687947e70335fbb5becaab66b0af5919768e99f4,episode:b06efcc5d45cf25a5a2727747edfdcaad0c085a101b9fddf0ffb9ba2c68457ce,color_contract_validation,PUBLIC_TEST_OBSERVATION,48,GREEN,True,False,0,/home/trimem-runner/skhynix-architecture-scale-001/pipeline-v13/learning-240/captures/e729b53cf2b3ff4baaa16544687947e70335fbb5becaab66b0af5919768e99f4.json
swebench--matplotlib__matplotlib-24619,UNRESOLVED,4146cd0c1d6865773520a2170e3caf50d04b8167819fca6ee9422933f1c61c03,episode:61f2c37bf1f053a646f97efbe26b4d6d94dfe2b34e62ec5ebfd01b8dd77bb92e,color_contract_validation,COMPLETED_SUBGOAL,56,,False,True,0,/home/trimem-runner/skhynix-architecture-scale-001/pipeline-v13/learning-240/captures/4146cd0c1d6865773520a2170e3caf50d04b8167819fca6ee9422933f1c61c03.json
swebench--matplotlib__matplotlib-25027,UNRESOLVED,ad1a6a40a9ffd9a514365cf0cd58b6fd2021ef138d41cc9cc9ba5284f4f3cb62,episode:7788274b8a446f2a5c9b75dd348c828b4621eaa9ab5c023d38a6f392c16e7d8e,rgb-colors,PUBLIC_TEST_OBSERVATION,29,GREEN,True,False,0,/home/trimem-runner/skhynix-architecture-scale-001/pipeline-v13/learning-240/captures/ad1a6a40a9ffd9a514365cf0cd58b6fd2021ef138d41cc9cc9ba5284f4f3cb62.json
swebench--matplotlib__matplotlib-25027,UNRESOLVED,a789c6fdc765304f44fa5ad75a82a4364bd79879c6087b7c2cea59492655bdb0,episode:cd0cefebdf8837a325b7187cef698b53603406925c160b8641e9eee4c74d60df,rgb-colors,COMPLETED_SUBGOAL,34,,False,True,0,/home/trimem-runner/skhynix-architecture-scale-001/pipeline-v13/learning-240/captures/a789c6fdc765304f44fa5ad75a82a4364bd79879c6087b7c2cea59492655bdb0.json
swebench--matplotlib__matplotlib-25027,UNRESOLVED,4e5584c9e3b6b3ee2f9c47c3afaeadcb8bc244c67136dd7b4e6f95fd6c747e81,episode:3d54fe231839a548793278c43dfe8e51bcc118b58165f305985d37fab3abd794,mask-compat,PUBLIC_TEST_OBSERVATION,45,RED,False,False,0,/home/trimem-runner/skhynix-architecture-scale-001/pipeline-v13/learning-240/captures/4e5584c9e3b6b3ee2f9c47c3afaeadcb8bc244c67136dd7b4e6f95fd6c747e81.json
swebench--matplotlib__matplotlib-25027,UNRESOLVED,0a6e489a8eaa3f7af71d8c995caa322d6b686bec93587d84ec416cf662b2371a,episode:56990170796292bf6ae15b183ad18f46174736de9b24e0c83ec70ed077f1275e,mask-compat,PUBLIC_TEST_OBSERVATION,49,GREEN,True,False,0,/home/trimem-runner/skhynix-architecture-scale-001/pipeline-v13/learning-240/captures/0a6e489a8eaa3f7af71d8c995caa322d6b686bec93587d84ec416cf662b2371a.json
swebench--matplotlib__matplotlib-25027,UNRESOLVED,64f8ed14be6bbb01db930dfb80a13af2bd42fcb5fe95d450733e266a6b212eaa,episode:f1aa8757b471e95607ce0e9bde302c5199e052572836729ca6be1b0cf8f17b44,mask-compat,COMPLETED_SUBGOAL,66,,False,True,0,/home/trimem-runner/skhynix-architecture-scale-001/pipeline-v13/learning-240/captures/64f8ed14be6bbb01db930dfb80a13af2bd42fcb5fe95d450733e266a6b212eaa.json
swebench--matplotlib__matplotlib-25334,UNRESOLVED,4efaf1724e1698364b77f8abfa548cdede8760e3a0153bf5c7480d1879a41ecd,episode:f3700a4bb3d7111e01ed33fb6d2d9b5a8bbbe35f0ab53217a5b66246aec4cb9c,invalid-contour-levels,PUBLIC_TEST_OBSERVATION,31,GREEN,True,False,7,/home/trimem-runner/skhynix-architecture-scale-001/pipeline-v13/learning-240/captures/4efaf1724e1698364b77f8abfa548cdede8760e3a0153bf5c7480d1879a41ecd.json
swebench--matplotlib__matplotlib-25334,UNRESOLVED,8f8b1f01dfa13833843ae0496bd7341c70fd13e0da12a3347fc1bdbbbc47311c,episode:2ffcf68d98761375fffb2cd1758163507f48eaa25dad5d015fb2d7d6a131d053,invalid-contour-levels,COMPLETED_SUBGOAL,41,,False,True,7,/home/trimem-runner/skhynix-architecture-scale-001/pipeline-v13/learning-240/captures/8f8b1f01dfa13833843ae0496bd7341c70fd13e0da12a3347fc1bdbbbc47311c.json
swebench--matplotlib__matplotlib-25334,UNRESOLVED,eeee6c3effbed07b2597b47fb7aed6905a18a8b3755e921622fe0f88edf15fb9,episode:45f4b90ce9f0b64130df8a22789c9b465f95dd6503762f612a4a8e671701f901,contour-compatibility,PUBLIC_TEST_OBSERVATION,47,GREEN,True,False,0,/home/trimem-runner/skhynix-architecture-scale-001/pipeline-v13/learning-240/captures/eeee6c3effbed07b2597b47fb7aed6905a18a8b3755e921622fe0f88edf15fb9.json
swebench--matplotlib__matplotlib-25334,UNRESOLVED,a3e100bfee37006086aaac789ed2a978e2a4b24596b6ced85725bbb8b26c9fdb,episode:97ba475128e2f2bb67022bbcb5a504f938440cb40f5786ab86a2530346b95147,contour-compatibility,COMPLETED_SUBGOAL,54,,False,True,0,/home/trimem-runner/skhynix-architecture-scale-001/pipeline-v13/learning-240/captures/a3e100bfee37006086aaac789ed2a978e2a4b24596b6ced85725bbb8b26c9fdb.json
swebench--matplotlib__matplotlib-25651,UNRESOLVED,00ebd52640247f9de5cf5e04661c2944bbf3d23c87c3a7d6e4e9757fc4bacd72,episode:2d9fcb39bd3da78d8ccddd46ce8c43ca3c09b5eb562fca075c34b7006c87732f,numdecs_behavior,PUBLIC_TEST_OBSERVATION,27,GREEN,True,False,4,/home/trimem-runner/skhynix-architecture-scale-001/pipeline-v13/learning-240/captures/00ebd52640247f9de5cf5e04661c2944bbf3d23c87c3a7d6e4e9757fc4bacd72.json
swebench--matplotlib__matplotlib-25651,UNRESOLVED,da3e1fb84764c0294c162ae27be8bb3f29b92d97fd3d80504163a1c9fbcb73d1,episode:0c341e8fc6147995142883168ba0fafc0170d0d9dbc599a538bbebd349b65997,numdecs_behavior,COMPLETED_SUBGOAL,30,,True,True,4,/home/trimem-runner/skhynix-architecture-scale-001/pipeline-v13/learning-240/captures/da3e1fb84764c0294c162ae27be8bb3f29b92d97fd3d80504163a1c9fbcb73d1.json
swebench--matplotlib__matplotlib-25651,UNRESOLVED,2308ff87beb34c6698f25deaf97dd024210a6b260d6a8e72c48ceff06201f01c,episode:6ee6322b925d51539ad6d59b7b33f58197f772086d24b7dc8b3141759b387258,numdecs_validation,PUBLIC_TEST_OBSERVATION,42,GREEN,True,False,0,/home/trimem-runner/skhynix-architecture-scale-001/pipeline-v13/learning-240/captures/2308ff87beb34c6698f25deaf97dd024210a6b260d6a8e72c48ceff06201f01c.json
swebench--matplotlib__matplotlib-25651,UNRESOLVED,8a1785fa7a3d270a1c3a88365b2491d1eb19486e035fed28a14803c5c1acc369,episode:1e35ffd33880970e92e478c016c7e8c3d58cf5970fc840752f4baee0d912ca63,numdecs_validation,COMPLETED_SUBGOAL,49,,False,True,0,/home/trimem-runner/skhynix-architecture-scale-001/pipeline-v13/learning-240/captures/8a1785fa7a3d270a1c3a88365b2491d1eb19486e035fed28a14803c5c1acc369.json
swebench--matplotlib__matplotlib-25667,RESOLVED,c831e405089c846297d5205bbad97d62e4c565a4d88774eccd94435c0d5fe388,episode:a956acb31282fb85a8084f47a7fa816e6ab61fcae0dd73658585eff0b91e0809,baseline_units,PUBLIC_TEST_OBSERVATION,18,RED,False,False,5,/home/trimem-runner/skhynix-architecture-scale-001/pipeline-v13/learning-240/captures/c831e405089c846297d5205bbad97d62e4c565a4d88774eccd94435c0d5fe388.json
swebench--matplotlib__matplotlib-25667,RESOLVED,d7a3f732d04c686edcc3f38c772f824d955794aeee8833049ab5a4e83ae97ecd,episode:c03c270e6e34aa45dfaa8a06dc7fa4c1408959c45f227b03ab8aadb38b15b18b,baseline_units,PUBLIC_TEST_OBSERVATION,20,GREEN,True,False,5,/home/trimem-runner/skhynix-architecture-scale-001/pipeline-v13/learning-240/captures/d7a3f732d04c686edcc3f38c772f824d955794aeee8833049ab5a4e83ae97ecd.json
swebench--matplotlib__matplotlib-25667,RESOLVED,f306cb7c25caa341f4f2096e737aa79d8ba1ce8a432e0d710c90550a82129265,episode:e20b44753ca9992c81e53d06903298e702b096da264967bad886ab09b63d2db4,baseline_units,COMPLETED_SUBGOAL,21,,True,True,5,/home/trimem-runner/skhynix-architecture-scale-001/pipeline-v13/learning-240/captures/f306cb7c25caa341f4f2096e737aa79d8ba1ce8a432e0d710c90550a82129265.json
swebench--matplotlib__matplotlib-25667,RESOLVED,6d02f26f1c400052030635e10828d3e991eb6b03d3df00b6d14c2cef5d4d23dc,episode:f2957f5924dcb7905a83a793c32e73b8706b68a753ded93e7947a63a4ba64092,compatibility,COMPLETED_SUBGOAL,40,,False,True,0,/home/trimem-runner/skhynix-architecture-scale-001/pipeline-v13/learning-240/captures/6d02f26f1c400052030635e10828d3e991eb6b03d3df00b6d14c2cef5d4d23dc.json
swebench--matplotlib__matplotlib-25772,RESOLVED,722bb8ef33fc497b4bd4cc99a2e5e2b37899a2b2cc498becb6d48c54935e4495,episode:2b2e23a1c60380eb503cfc15f43969e2d9dfa92b717bf8d5208dd7affcbfaba1,qt_binding_diagnostics,PUBLIC_TEST_OBSERVATION,22,RED,False,False,9,/home/trimem-runner/skhynix-architecture-scale-001/pipeline-v13/learning-240/captures/722bb8ef33fc497b4bd4cc99a2e5e2b37899a2b2cc498becb6d48c54935e4495.json
swebench--matplotlib__matplotlib-25772,RESOLVED,9d0d158d4e43ae08375f6d2e4fa0027a621b7b46259336929f1554ce113ebeb6,episode:12eb66cf39fb7fef26ab738a3d854392f491ebc535a0d37dc598539c68833063,qt_binding_diagnostics,PUBLIC_TEST_OBSERVATION,24,GREEN,True,False,9,/home/trimem-runner/skhynix-architecture-scale-001/pipeline-v13/learning-240/captures/9d0d158d4e43ae08375f6d2e4fa0027a621b7b46259336929f1554ce113ebeb6.json
swebench--matplotlib__matplotlib-25772,RESOLVED,9ed6946507f740becb29ccc60c7042930daf00ac017c14154e12112d4ca8b95c,episode:7f3645d9fa2125304171c2ffd372dcdbf7399ad6af70735f5bcfd75318a54037,qt_binding_diagnostics,COMPLETED_SUBGOAL,28,,True,True,9,/home/trimem-runner/skhynix-architecture-scale-001/pipeline-v13/learning-240/captures/9ed6946507f740becb29ccc60c7042930daf00ac017c14154e12112d4ca8b95c.json
swebench--matplotlib__matplotlib-25772,RESOLVED,0c5bd4d321c71db4f93232d00b2275e1f3aa3e33af2e7f68669a15564e4721fe,episode:1d4c740f8ecfc903261deacd0ae7996f17e1b042344170c5567e4a0f274a6240,qt_selection_validation,COMPLETED_SUBGOAL,42,,False,True,0,/home/trimem-runner/skhynix-architecture-scale-001/pipeline-v13/learning-240/captures/0c5bd4d321c71db4f93232d00b2275e1f3aa3e33af2e7f68669a15564e4721fe.json
swebench--matplotlib__matplotlib-25785,UNRESOLVED,1f173b68a9025792d045265e5622baf93389c3cb2eb7c7f1f036809797a670f7,episode:58890053e3f7b3e7d9f613ddd28a89e87b5d1b2f07a3be068a122d421f9fa638,paper_order,COMPLETED_SUBGOAL,24,,False,True,8,/home/trimem-runner/skhynix-architecture-scale-001/pipeline-v13/learning-240/captures/1f173b68a9025792d045265e5622baf93389c3cb2eb7c7f1f036809797a670f7.json
swebench--matplotlib__matplotlib-25785,UNRESOLVED,1dded2b1f9496a562ff7b8c0cadc911a1559486ced7eb56141c1c37af4f0331b,episode:e575484335fc19dabd152d869ef0ea9a4fc47c867ec48cd31dd8d0d78201619c,ps_compat,COMPLETED_SUBGOAL,40,,False,True,0,/home/trimem-runner/skhynix-architecture-scale-001/pipeline-v13/learning-240/captures/1dded2b1f9496a562ff7b8c0cadc911a1559486ced7eb56141c1c37af4f0331b.json
swebench--matplotlib__matplotlib-26223,RESOLVED,1077e0d89124624059087f7ee2edcd5166f394ce07762302faf30ac8cff161a1,episode:35a64c37e514c091c8dfe414e119be55a3c66f4f5235e98d9a286cea9e5a6c10,mask-isolation,COMPLETED_SUBGOAL,31,,False,True,5,/home/trimem-runner/skhynix-architecture-scale-001/pipeline-v13/learning-240/captures/1077e0d89124624059087f7ee2edcd5166f394ce07762302faf30ac8cff161a1.json
swebench--matplotlib__matplotlib-26223,RESOLVED,909b6fc11d5b7137f1edacabebd002f740055cd1bfb09d282cf6e4dc6a15b13b,episode:2a749bdd34cb6090697d462d45dde438c4f5548e3245dda47b6afb88d7e657eb,pcolormesh-regression,COMPLETED_SUBGOAL,48,,False,True,0,/home/trimem-runner/skhynix-architecture-scale-001/pipeline-v13/learning-240/captures/909b6fc11d5b7137f1edacabebd002f740055cd1bfb09d282cf6e4dc6a15b13b.json
swebench--mwaskom__seaborn-2389,RESOLVED,6605580065aba88491e4206947f13d88741149b5f5d94cdbafc5975d4bd676c9,episode:cf1d534657f65c82483307b0680c1b76c6425e50dd340c20c98ce80cf5b30060,categorical-colors,PUBLIC_TEST_OBSERVATION,17,GREEN,True,False,11,/home/trimem-runner/skhynix-architecture-scale-001/pipeline-v13/learning-240/captures/6605580065aba88491e4206947f13d88741149b5f5d94cdbafc5975d4bd676c9.json
swebench--mwaskom__seaborn-2389,RESOLVED,acd539355dc72f0d455ca7d9b10b2a8110230501526f9e91e3abd2c695043dec,episode:ff985eb1cbb6120186e1a378ef0d805b81db27d3d43950a2c3328dbff0c0bb5c,categorical-colors,COMPLETED_SUBGOAL,22,,False,True,11,/home/trimem-runner/skhynix-architecture-scale-001/pipeline-v13/learning-240/captures/acd539355dc72f0d455ca7d9b10b2a8110230501526f9e91e3abd2c695043dec.json
swebench--mwaskom__seaborn-2389,RESOLVED,9606fb2f83ef728af738754010651aab6ea0453bebd77b84f5b9c4a70fe35814,episode:f18915a43942c430e2e77f557e9621b76a32b0f0e6e23a38c380069ebaebe5ee,color-compatibility,PUBLIC_TEST_OBSERVATION,26,RED,False,False,0,/home/trimem-runner/skhynix-architecture-scale-001/pipeline-v13/learning-240/captures/9606fb2f83ef728af738754010651aab6ea0453bebd77b84f5b9c4a70fe35814.json
swebench--mwaskom__seaborn-2389,RESOLVED,5040664d382565f5553248f02064d702c1c8db71b36f35ff341fc41395d35a3f,episode:46a19b74f3445c16c85da45e83e05454d9f3c1bd66239467531ba93725f88f9e,color-compatibility,COMPLETED_SUBGOAL,38,,False,True,0,/home/trimem-runner/skhynix-architecture-scale-001/pipeline-v13/learning-240/captures/5040664d382565f5553248f02064d702c1c8db71b36f35ff341fc41395d35a3f.json
swebench--mwaskom__seaborn-2457,RESOLVED,1fa6e3c32759a9df66859ed392d0deccb0853ea598e0854a52410dd3e8f11fc8,episode:f3466b9f49f2d125ce2e0502e560624e3bdd7b02b101bd5219f5ff0df58c4130,ci_none_compat,COMPLETED_SUBGOAL,22,,False,True,9,/home/trimem-runner/skhynix-architecture-scale-001/pipeline-v13/learning-240/captures/1fa6e3c32759a9df66859ed392d0deccb0853ea598e0854a52410dd3e8f11fc8.json
swebench--mwaskom__seaborn-2457,RESOLVED,e37c2d6d40c1c16893792e48f549bbef99666a4a763f1688afe8ed4482fdfb18,episode:427c7de7ca03bd6306f0180e9d49da5fba9e65754a1ee73a22bb0de7ab0b3141,ci_compat_invariants,PUBLIC_TEST_OBSERVATION,29,RED,False,False,0,/home/trimem-runner/skhynix-architecture-scale-001/pipeline-v13/learning-240/captures/e37c2d6d40c1c16893792e48f549bbef99666a4a763f1688afe8ed4482fdfb18.json
swebench--mwaskom__seaborn-2457,RESOLVED,301399459a6113e2b0d041765cd9711c1b625f44d5e9a5baf5ef9279190b16f4,episode:527ad5e8d37631cd028c2fda58f82d2aacd56fa33f7384024e1c7ceb9ec081a0,ci_compat_invariants,COMPLETED_SUBGOAL,42,,False,True,0,/home/trimem-runner/skhynix-architecture-scale-001/pipeline-v13/learning-240/captures/301399459a6113e2b0d041765cd9711c1b625f44d5e9a5baf5ef9279190b16f4.json
swebench--mwaskom__seaborn-2576,UNRESOLVED,f04385a598f81d3b952988659161007311dd161558df03d6ef8a54ac92f9dcce,episode:757f527faf1f0d0fdfb93964d49709ee93e26b02ca534e864567c2ad182e5df5,independent-y,PUBLIC_TEST_OBSERVATION,9,RED,False,False,8,/home/trimem-runner/skhynix-architecture-scale-001/pipeline-v13/learning-240/captures/f04385a598f81d3b952988659161007311dd161558df03d6ef8a54ac92f9dcce.json
swebench--mwaskom__seaborn-2576,UNRESOLVED,6e2d8c68089d489de0ee4e555e71a6530daa776733bc1d8c8342fc9f28c3e3c4,episode:7c3353f73f617bf4243312545262badbc51a1db99dde20e4263c8ea29abeb781,independent-y,PUBLIC_TEST_OBSERVATION,11,GREEN,True,False,8,/home/trimem-runner/skhynix-architecture-scale-001/pipeline-v13/learning-240/captures/6e2d8c68089d489de0ee4e555e71a6530daa776733bc1d8c8342fc9f28c3e3c4.json
swebench--mwaskom__seaborn-2576,UNRESOLVED,9ac6e87cd8f5a9cc335f8727aa179e0d127914ada9b71b8af4c5d153acc94563,episode:56042b36108664c46c4615eec526efd5555472d28e09ebfefd1660e86c03f058,independent-y,COMPLETED_SUBGOAL,13,,False,True,8,/home/trimem-runner/skhynix-architecture-scale-001/pipeline-v13/learning-240/captures/9ac6e87cd8f5a9cc335f8727aa179e0d127914ada9b71b8af4c5d153acc94563.json
swebench--mwaskom__seaborn-2576,UNRESOLVED,e35f256404e8a386f441a98f1de2885bf20b44bc7afcaaf4fd1c240569628fc2,episode:1711ebd55b198389069023e4d092e6a2f3073b7731d110406f42acea8a76197f,facet-limits,PUBLIC_TEST_OBSERVATION,24,GREEN,True,False,0,/home/trimem-runner/skhynix-architecture-scale-001/pipeline-v13/learning-240/captures/e35f256404e8a386f441a98f1de2885bf20b44bc7afcaaf4fd1c240569628fc2.json
swebench--mwaskom__seaborn-2576,UNRESOLVED,8e1478a6f2d63b1b386c4727a54e636ee7b642fd2ff8da39b18d60fb64195f55,episode:46510a5cdda2ef851775d865a359acc8b1918719097cf17f1f067e8c773c7cb3,facet-limits,COMPLETED_SUBGOAL,31,,False,True,0,/home/trimem-runner/skhynix-architecture-scale-001/pipeline-v13/learning-240/captures/8e1478a6f2d63b1b386c4727a54e636ee7b642fd2ff8da39b18d60fb64195f55.json
swebench--mwaskom__seaborn-2766,UNDETERMINED,47e7db72cf37372ef52b2939a0e6f910ff162b7920dc39df3783735497a40a1a,episode:72081137d2d88d9e9b91da33385501255c3786d6cfe0c47850c1ee04ad4eae11,import_versions,PUBLIC_TEST_OBSERVATION,13,RED,False,False,7,/home/trimem-runner/skhynix-architecture-scale-001/pipeline-v13/learning-240/captures/47e7db72cf37372ef52b2939a0e6f910ff162b7920dc39df3783735497a40a1a.json
swebench--mwaskom__seaborn-2766,UNDETERMINED,c62c2dc1db773826cd9db627acf329cecc7f3a1846a94d6ed6f7c096b84f9a58,episode:6bc6c8370c8ac0fab862472cc3e97b65d8c85d082eec574ab25b3fe6c6868f24,import_versions,COMPLETED_SUBGOAL,26,,False,True,7,/home/trimem-runner/skhynix-architecture-scale-001/pipeline-v13/learning-240/captures/c62c2dc1db773826cd9db627acf329cecc7f3a1846a94d6ed6f7c096b84f9a58.json
swebench--mwaskom__seaborn-2766,UNDETERMINED,79b0035b931dbbbdc71ac1158a2d41c49098fa238efde8410f3070bea6e3759a,episode:aa22a555cf0ef39ebea9bff43efb775094f77f780894ede5af8d3c87ed008029,runtime_versions,PUBLIC_TEST_OBSERVATION,32,RED,False,False,0,/home/trimem-runner/skhynix-architecture-scale-001/pipeline-v13/learning-240/captures/79b0035b931dbbbdc71ac1158a2d41c49098fa238efde8410f3070bea6e3759a.json
swebench--mwaskom__seaborn-2766,UNDETERMINED,91783338aa617bc3857c963529a0d0158e8363e704be3e0a2ca384f60abedbd9,episode:e6406c184fc15d7b2e346f39b5ca40e5a72e0f67e76b37e95ca46b9cc2ac1fbf,runtime_versions,PUBLIC_TEST_OBSERVATION,47,GREEN,True,False,0,/home/trimem-runner/skhynix-architecture-scale-001/pipeline-v13/learning-240/captures/91783338aa617bc3857c963529a0d0158e8363e704be3e0a2ca384f60abedbd9.json
swebench--mwaskom__seaborn-2766,UNDETERMINED,be5541ad65d653e122e530b19a06faca3e786f46b070352cdb3705d8dbc853e7,episode:78f6e0d0af90ee5424b07822ab7fc8282a676f5aba46559cd2de6fd0b911d3fc,runtime_versions,PUBLIC_TEST_OBSERVATION,68,RED,False,False,0,/home/trimem-runner/skhynix-architecture-scale-001/pipeline-v13/learning-240/captures/be5541ad65d653e122e530b19a06faca3e786f46b070352cdb3705d8dbc853e7.json
swebench--mwaskom__seaborn-2766,UNDETERMINED,74601f654a4bbc7a32052c06265f526a830082f7d14ef0528efb6131c7715469,episode:00153898e60dea216b1250c5b7da2cee34c07018f7afad5627c852f3774e9d7c,runtime_versions,PUBLIC_TEST_OBSERVATION,69,RED,False,False,0,/home/trimem-runner/skhynix-architecture-scale-001/pipeline-v13/learning-240/captures/74601f654a4bbc7a32052c06265f526a830082f7d14ef0528efb6131c7715469.json
swebench--mwaskom__seaborn-2766,UNDETERMINED,592aa77a6b570a448a891174f7b586bac6cfcb309fab0b341cb2a288dfeb706d,episode:e296f793eeac49db5665cc43af6b78e00a4f6105c524d4df06220a76128f4f94,runtime_versions,PUBLIC_TEST_OBSERVATION,74,RED,False,False,0,/home/trimem-runner/skhynix-architecture-scale-001/pipeline-v13/learning-240/captures/592aa77a6b570a448a891174f7b586bac6cfcb309fab0b341cb2a288dfeb706d.json
swebench--mwaskom__seaborn-2766,UNDETERMINED,76aa52ccfdbacf1513baccf88710d7615749de7008fe91c88c7e73d61a4a38b2,episode:443caef399f4c439ba04c58477fdc226e1451111766bd56173a79a87676745b5,runtime_versions,COMPLETED_SUBGOAL,80,,False,True,0,/home/trimem-runner/skhynix-architecture-scale-001/pipeline-v13/learning-240/captures/76aa52ccfdbacf1513baccf88710d7615749de7008fe91c88c7e73d61a4a38b2.json
swebench--mwaskom__seaborn-3190,RESOLVED,2c257d33116a7715f8d7f9eba58501f59f94cce0c92d0a197f0e83148d896b91,episode:e4e0b595288183b522a85dee6d74ed3cdee7b872d2ba101ae0fccfeab72f105c,boolean_mapping,PUBLIC_TEST_OBSERVATION,17,GREEN,True,False,27,/home/trimem-runner/skhynix-architecture-scale-001/pipeline-v13/learning-240/captures/2c257d33116a7715f8d7f9eba58501f59f94cce0c92d0a197f0e83148d896b91.json
swebench--mwaskom__seaborn-3190,RESOLVED,bb2f0265340577b3c3342f71b5e04e750d8b636889cbef0cc2b3750605933e64,episode:b788f97a5a869b2cb85d60e2bbb2219104c3e0bf9fc13e8a06f9201f33162f86,boolean_mapping,COMPLETED_SUBGOAL,19,,False,True,27,/home/trimem-runner/skhynix-architecture-scale-001/pipeline-v13/learning-240/captures/bb2f0265340577b3c3342f71b5e04e750d8b636889cbef0cc2b3750605933e64.json
swebench--mwaskom__seaborn-3190,RESOLVED,f98092bd1c9998c8cad82b84a8ccf9e0a397d603e3067b5165b8e426109b3390,episode:711c1000d5080108796d61a3d5e5ab164bb73a2c3cc8537258987adf3bb53cf8,scale_compatibility,COMPLETED_SUBGOAL,35,,False,True,0,/home/trimem-runner/skhynix-architecture-scale-001/pipeline-v13/learning-240/captures/f98092bd1c9998c8cad82b84a8ccf9e0a397d603e3067b5165b8e426109b3390.json
swebench--mwaskom__seaborn-3217,RESOLVED,fb92c57f9513a70f4e827093edad0f47ee74b8114a17d04554f498589328ed12,episode:4042aeab9d64bf7f5c3e4735cae080772e56cc098ce42c01d78a0522b49c362d,log-bin-geometry,PUBLIC_TEST_OBSERVATION,24,RED,False,False,25,/home/trimem-runner/skhynix-architecture-scale-001/pipeline-v13/learning-240/captures/fb92c57f9513a70f4e827093edad0f47ee74b8114a17d04554f498589328ed12.json
swebench--mwaskom__seaborn-3217,RESOLVED,e1772c43ff79a007eb5deac4b5953da9a886b557853f6be5c7511f4164dcb538,episode:5cfad8c8de8babb0e28ce1e84bc6257131ae0ed7b10a61a9a96c629584f64bce,log-bin-geometry,PUBLIC_TEST_OBSERVATION,35,GREEN,True,False,25,/home/trimem-runner/skhynix-architecture-scale-001/pipeline-v13/learning-240/captures/e1772c43ff79a007eb5deac4b5953da9a886b557853f6be5c7511f4164dcb538.json
swebench--mwaskom__seaborn-3217,RESOLVED,9e8f7fa2487b34ac091a965ea5b0567095998c2f27d11d1fe11a9404a871dfad,episode:c4672999c9345ffd22acb288c713b4413c451e6b9d22517656ab987961ab0a96,log-bin-geometry,PUBLIC_TEST_OBSERVATION,36,GREEN,True,False,25,/home/trimem-runner/skhynix-architecture-scale-001/pipeline-v13/learning-240/captures/9e8f7fa2487b34ac091a965ea5b0567095998c2f27d11d1fe11a9404a871dfad.json
swebench--mwaskom__seaborn-3217,RESOLVED,7e844df01626354f306d8239772631d53ba7553c9e41b6b97f911b37751488cd,episode:2ca6b4f436a87d35e427fa2d818988c69360479ad25f1e3d0210962915b4883f,log-bin-geometry,COMPLETED_SUBGOAL,37,,True,True,25,/home/trimem-runner/skhynix-architecture-scale-001/pipeline-v13/learning-240/captures/7e844df01626354f306d8239772631d53ba7553c9e41b6b97f911b37751488cd.json
swebench--mwaskom__seaborn-3217,RESOLVED,aa36a43991971ec144ca06ad5448b718d1dfc4ec60d410d15b81c1abedd210cc,episode:2e9c6b51fcc14ccca2accacf3bab4dd377c7af7237a4f3d952dd544fd8592dfc,width-invariants,COMPLETED_SUBGOAL,57,,False,True,0,/home/trimem-runner/skhynix-architecture-scale-001/pipeline-v13/learning-240/captures/aa36a43991971ec144ca06ad5448b718d1dfc4ec60d410d15b81c1abedd210cc.json
swebench--mwaskom__seaborn-3276,RESOLVED,3a36d221510ba5df85cea44277505a711e0f76b1d522daa6710706c9c27e11e1,episode:10fae975b2c630c09771843bd58df7057a6c43d7c58c71f426bfcf97ead87d14,none-norm-limits,PUBLIC_TEST_OBSERVATION,7,RED,False,False,6,/home/trimem-runner/skhynix-architecture-scale-001/pipeline-v13/learning-240/captures/3a36d221510ba5df85cea44277505a711e0f76b1d522daa6710706c9c27e11e1.json
swebench--mwaskom__seaborn-3276,RESOLVED,402fc86402b137f615baaded54607a345062a6dad43a2a9b5d22d8e12714c6be,episode:e8dfbc56c17e840842c9fc3f74dddf00a77b4be08f82a12b83fc1fb705f73e54,none-norm-limits,PUBLIC_TEST_OBSERVATION,9,GREEN,True,False,6,/home/trimem-runner/skhynix-architecture-scale-001/pipeline-v13/learning-240/captures/402fc86402b137f615baaded54607a345062a6dad43a2a9b5d22d8e12714c6be.json
swebench--mwaskom__seaborn-3276,RESOLVED,4ccfd3117d839f07fff1642efba2be96e8bca805bd89d2b03533c71c06679b03,episode:320328f754410223402fe7d7ea0a549b3d2490f54c05edc114e5b5d309d57834,none-norm-limits,COMPLETED_SUBGOAL,10,,True,True,6,/home/trimem-runner/skhynix-architecture-scale-001/pipeline-v13/learning-240/captures/4ccfd3117d839f07fff1642efba2be96e8bca805bd89d2b03533c71c06679b03.json
swebench--mwaskom__seaborn-3276,RESOLVED,02d4f80dccd050626e6db516065fc2016eeb93900597d0b0a550df405edf707d,episode:c4a39e7c395aa3d5521cb99c417158dba692fa196206be33aa50f4046fa522d3,explicit-norm-compat,COMPLETED_SUBGOAL,20,,False,True,0,/home/trimem-runner/skhynix-architecture-scale-001/pipeline-v13/learning-240/captures/02d4f80dccd050626e6db516065fc2016eeb93900597d0b0a550df405edf707d.json
swebench--pallets__flask-4045,UNRESOLVED,0d0bd6ef8a74b7b327a16e0bc1cb199d956c5d97c8e5d3e736a431bea3b9e0c6,episode:43359802c541846f2144dacb7398132d009e111104512df494522d879d7b4715,reject_dotted_names,PUBLIC_TEST_OBSERVATION,16,GREEN,True,False,9,/home/trimem-runner/skhynix-architecture-scale-001/pipeline-v13/learning-240/captures/0d0bd6ef8a74b7b327a16e0bc1cb199d956c5d97c8e5d3e736a431bea3b9e0c6.json
swebench--pallets__flask-4045,UNRESOLVED,db2246682d15b7b762b9a2103b22d5e57c8fb0abdd98729fac77cea9fd2370c8,episode:21d3213fd5d3a837d3e7a724440872a2dc8382098057ab8daf2773837b013adb,reject_dotted_names,COMPLETED_SUBGOAL,17,,True,True,9,/home/trimem-runner/skhynix-architecture-scale-001/pipeline-v13/learning-240/captures/db2246682d15b7b762b9a2103b22d5e57c8fb0abdd98729fac77cea9fd2370c8.json
swebench--pallets__flask-4045,UNRESOLVED,ab23e4db2e462e09c0486728c9b1482a212f7802139dcadf44eaaa7180a4ce58,episode:2ee17ad9abf99f71187b47f18f6ed39f14ab0f5482f73134ebd3331d6f997878,preserve_nested_blueprints,PUBLIC_TEST_OBSERVATION,21,RED,False,False,0,/home/trimem-runner/skhynix-architecture-scale-001/pipeline-v13/learning-240/captures/ab23e4db2e462e09c0486728c9b1482a212f7802139dcadf44eaaa7180a4ce58.json
swebench--pallets__flask-4045,UNRESOLVED,c12e0e57bb8daa8ac2dbaad74f8e313ea9f8a7342129afb93d817189ac2205b3,episode:3aad56809731e88e3a7d85401cb6caeb57dbd0d5be86e569f74643546460954c,preserve_nested_blueprints,PUBLIC_TEST_OBSERVATION,24,RED,False,False,0,/home/trimem-runner/skhynix-architecture-scale-001/pipeline-v13/learning-240/captures/c12e0e57bb8daa8ac2dbaad74f8e313ea9f8a7342129afb93d817189ac2205b3.json
swebench--pallets__flask-4045,UNRESOLVED,8162fa0f47b072c1d86835a476f52f3a1e79715bc8998f19522d1245e5ec8909,episode:93e42b7f11751be8a3c33e5fdc9ce26df6ce79c9555f3d9f0f2ec0bb92edb942,preserve_nested_blueprints,PUBLIC_TEST_OBSERVATION,28,GREEN,True,False,0,/home/trimem-runner/skhynix-architecture-scale-001/pipeline-v13/learning-240/captures/8162fa0f47b072c1d86835a476f52f3a1e79715bc8998f19522d1245e5ec8909.json
swebench--pallets__flask-4045,UNRESOLVED,d3546f4dcfa1f15877eeaa8f357489ad1e4149f4e4646bfa8ac193f4693c4297,episode:2c4ce235696f54430392c4f5c6df0d4e7b3f26815f613ef980ea6e6dab289362,preserve_nested_blueprints,COMPLETED_SUBGOAL,34,,False,True,0,/home/trimem-runner/skhynix-architecture-scale-001/pipeline-v13/learning-240/captures/d3546f4dcfa1f15877eeaa8f357489ad1e4149f4e4646bfa8ac193f4693c4297.json
swebench--pallets__flask-4074,UNRESOLVED,26af98ea345dd9f2aa71af5f87e9c2fec849801dbcaedc04ff9a4d7c682c1426,episode:8e64d7c2564f038c40df3379dcb4ed3afb635c294428f47bd7c81c89242867d6,registration_names,PUBLIC_TEST_OBSERVATION,13,RED,False,False,16,/home/trimem-runner/skhynix-architecture-scale-001/pipeline-v13/learning-240/captures/26af98ea345dd9f2aa71af5f87e9c2fec849801dbcaedc04ff9a4d7c682c1426.json
swebench--pallets__flask-4074,UNRESOLVED,b82d27a7aee850ffdd10f871560a51f49618518e366f5f65cba0554f2ca87bab,episode:b4d2b7e40fcb08bd7c668ecd09a9452160f92b6d384af27b7e350d72ae4979fb,registration_names,PUBLIC_TEST_OBSERVATION,14,RED,False,False,16,/home/trimem-runner/skhynix-architecture-scale-001/pipeline-v13/learning-240/captures/b82d27a7aee850ffdd10f871560a51f49618518e366f5f65cba0554f2ca87bab.json
swebench--pallets__flask-4074,UNRESOLVED,3156097d067504b025d8c40a5fe3261bca88d9ac65666306fac737702d44313d,episode:f50866d36771bf243c45cfe38999329576eb17e86afa94a92d883ef0aa047302,registration_names,PUBLIC_TEST_OBSERVATION,18,RED,False,False,16,/home/trimem-runner/skhynix-architecture-scale-001/pipeline-v13/learning-240/captures/3156097d067504b025d8c40a5fe3261bca88d9ac65666306fac737702d44313d.json
swebench--pallets__flask-4074,UNRESOLVED,96d5afbf2feb7ee04ab2502314995ef42241f4c8f384bfe0aee97cf190aa6025,episode:eaa73d478b3172550109f33ebad83b6968b53c019e96f8b8044d2a9dfea943e5,registration_names,PUBLIC_TEST_OBSERVATION,25,GREEN,True,False,16,/home/trimem-runner/skhynix-architecture-scale-001/pipeline-v13/learning-240/captures/96d5afbf2feb7ee04ab2502314995ef42241f4c8f384bfe0aee97cf190aa6025.json
swebench--pallets__flask-4074,UNRESOLVED,aecaa688f4c2b0b341b8e4a2c5c4643f20e5439ec1b5c4ceb4effbb4c8f87bbe,episode:113affe55de2fb157e2926a39effdea5f9674d0e635b0427229bbf6413870152,registration_names,COMPLETED_SUBGOAL,29,,False,True,16,/home/trimem-runner/skhynix-architecture-scale-001/pipeline-v13/learning-240/captures/aecaa688f4c2b0b341b8e4a2c5c4643f20e5439ec1b5c4ceb4effbb4c8f87bbe.json
swebench--pallets__flask-4074,UNRESOLVED,d1e7c2958d4a8b4809cd54324b1e92b0fa299ef196140aaf9bc37f4c4523c7f4,episode:46a2ce53bd4369a582f1f69a9ab173e899c3c2332460588b05675243ac802c18,nested_compatibility,PUBLIC_TEST_OBSERVATION,46,RED,False,False,0,/home/trimem-runner/skhynix-architecture-scale-001/pipeline-v13/learning-240/captures/d1e7c2958d4a8b4809cd54324b1e92b0fa299ef196140aaf9bc37f4c4523c7f4.json
swebench--pallets__flask-4074,UNRESOLVED,04dba0d00519013b30b51976e0f04e6c4f3e4b0e126095afa418760928c30786,episode:ad7d7eb06e3a09c926c77e302d51da5f9fa9e73e500d2ca8d2bad704c8a6c3bf,nested_compatibility,PUBLIC_TEST_OBSERVATION,50,GREEN,True,False,0,/home/trimem-runner/skhynix-architecture-scale-001/pipeline-v13/learning-240/captures/04dba0d00519013b30b51976e0f04e6c4f3e4b0e126095afa418760928c30786.json
swebench--pallets__flask-4074,UNRESOLVED,f4f2ae0a5fd9f7b62518e91e4d428dc031c9aa4610652c7bba87a4788c872573,episode:8b9b3c0cd4664b576e0d2eead40e64afa352582d1f7d09334a8daf59460e2933,nested_compatibility,PUBLIC_TEST_OBSERVATION,55,RED,False,False,0,/home/trimem-runner/skhynix-architecture-scale-001/pipeline-v13/learning-240/captures/f4f2ae0a5fd9f7b62518e91e4d428dc031c9aa4610652c7bba87a4788c872573.json
swebench--pallets__flask-4074,UNRESOLVED,af097eacc8f78a28e60ac1fc6f4a0e5ea645973817400f729e5b9868f817c1bd,episode:e38ce0c4e3fb0e98efe8adee7acbe706996752284137567e7cd3fec32f81385f,nested_compatibility,PUBLIC_TEST_OBSERVATION,65,GREEN,True,False,0,/home/trimem-runner/skhynix-architecture-scale-001/pipeline-v13/learning-240/captures/af097eacc8f78a28e60ac1fc6f4a0e5ea645973817400f729e5b9868f817c1bd.json
swebench--pallets__flask-4074,UNRESOLVED,5f6640df4c4af01f69728734c51a589e5e5f0485d18aef5176287a45015c4cef,episode:5999623e8f2369cb895473b279c23da5dc8353afa1cb328f90dc5fae6ff100f6,nested_compatibility,COMPLETED_SUBGOAL,67,,False,True,0,/home/trimem-runner/skhynix-architecture-scale-001/pipeline-v13/learning-240/captures/5f6640df4c4af01f69728734c51a589e5e5f0485d18aef5176287a45015c4cef.json
swebench--pallets__flask-4160,RESOLVED,1ff8361fa430a417d2e3a807c9365ab21ead42112c7676beeddf212f9541fad8,episode:999b0535d18b861aef2230008d5c59361ef1e737c78d2aa76fb27d58452f0c43,decimal_encoding,PUBLIC_TEST_OBSERVATION,17,GREEN,True,False,7,/home/trimem-runner/skhynix-architecture-scale-001/pipeline-v13/learning-240/captures/1ff8361fa430a417d2e3a807c9365ab21ead42112c7676beeddf212f9541fad8.json
swebench--pallets__flask-4160,RESOLVED,b361a91dd4c29999cdf3d6b42798095c4b286dcfe7a113b9df03054119d78d4b,episode:099e0fe9d27a56ae29da7313d767d20e831a36e549c08e33508f5734454dbb1f,decimal_encoding,COMPLETED_SUBGOAL,22,,False,True,7,/home/trimem-runner/skhynix-architecture-scale-001/pipeline-v13/learning-240/captures/b361a91dd4c29999cdf3d6b42798095c4b286dcfe7a113b9df03054119d78d4b.json
swebench--pallets__flask-4160,RESOLVED,ed692a9acf03e0a47779a7cb7f769fba9e8db6a545a7323b2f1175a1b53739cc,episode:3d805e48c7c5d77e4f2393f15916094181b96adfde3ac918450c74557e91b6f4,decimal_contract,PUBLIC_TEST_OBSERVATION,36,GREEN,True,False,0,/home/trimem-runner/skhynix-architecture-scale-001/pipeline-v13/learning-240/captures/ed692a9acf03e0a47779a7cb7f769fba9e8db6a545a7323b2f1175a1b53739cc.json
swebench--pallets__flask-4160,RESOLVED,90bddae496e0af46bca94e8d342ea82bc2da74c095cbac16e612099f653cb264,episode:cfbc52509a7da263426a5dbe31c14e50cec6e26b81e8ed3bfce113c58ec029c2,decimal_contract,COMPLETED_SUBGOAL,41,,False,True,0,/home/trimem-runner/skhynix-architecture-scale-001/pipeline-v13/learning-240/captures/90bddae496e0af46bca94e8d342ea82bc2da74c095cbac16e612099f653cb264.json
swebench--pallets__flask-4544,RESOLVED,576818ecc7710e2ec8843ac9f5a157d19cb5aec03a234c2e2a3b64dd0fd6f650,episode:1b5102321cd1723ff6ecf917d3fc56a4e770e975458cf0cb9700f86bcd15f665,option-order,PUBLIC_TEST_OBSERVATION,11,GREEN,True,False,5,/home/trimem-runner/skhynix-architecture-scale-001/pipeline-v13/learning-240/captures/576818ecc7710e2ec8843ac9f5a157d19cb5aec03a234c2e2a3b64dd0fd6f650.json
swebench--pallets__flask-4544,RESOLVED,3f9834aba356f713692b4ada01b4ca41d1daa0e08fa33e1743febce918826eed,episode:ae82d90878c97a7abc7001b8aef4bf5dd7702f6cdcf12c68a542e48c13799e8b,option-order,COMPLETED_SUBGOAL,12,,True,True,5,/home/trimem-runner/skhynix-architecture-scale-001/pipeline-v13/learning-240/captures/3f9834aba356f713692b4ada01b4ca41d1daa0e08fa33e1743febce918826eed.json
swebench--pallets__flask-4544,RESOLVED,967106096483e629c0eb58f8a98ea98883d7726b32222da4c6c8227cc28ef168,episode:0e5112cd37d5ce28fe5eec8aa2aef322f4f2b189dfc0af714fd36301e7c1c05e,tls-invariants,PUBLIC_TEST_OBSERVATION,16,RED,False,False,0,/home/trimem-runner/skhynix-architecture-scale-001/pipeline-v13/learning-240/captures/967106096483e629c0eb58f8a98ea98883d7726b32222da4c6c8227cc28ef168.json
swebench--pallets__flask-4544,RESOLVED,5e7b3bb2d3b4c879d5acf6458862284314902553e89cfd507707e47ea881b5df,episode:af44466769a531036b2c98fdbef3084a9bce38021d0b1f183efd026434253b01,tls-invariants,COMPLETED_SUBGOAL,22,,False,True,0,/home/trimem-runner/skhynix-architecture-scale-001/pipeline-v13/learning-240/captures/5e7b3bb2d3b4c879d5acf6458862284314902553e89cfd507707e47ea881b5df.json
swebench--pallets__flask-4575,RESOLVED,de7fd7724b6d3904a74bd4c79fbd198c108852c3c90e441fead5c5cb83ac6ae3,episode:b82247dd7c195c352060eec985a3c2835f9af7c7a42770de973bdab886cdcc03,app-redirect,PUBLIC_TEST_OBSERVATION,17,GREEN,True,False,7,/home/trimem-runner/skhynix-architecture-scale-001/pipeline-v13/learning-240/captures/de7fd7724b6d3904a74bd4c79fbd198c108852c3c90e441fead5c5cb83ac6ae3.json
swebench--pallets__flask-4575,RESOLVED,836f78241025f7de775d540ff0c978b839e484d306a51465b1fb3ee22dd48058,episode:043bc7cfbbcd2905d5b0fe7188e98757d3c46a0290d7fcca4d90b49edde00c4c,app-redirect,PUBLIC_TEST_OBSERVATION,18,RED,False,False,7,/home/trimem-runner/skhynix-architecture-scale-001/pipeline-v13/learning-240/captures/836f78241025f7de775d540ff0c978b839e484d306a51465b1fb3ee22dd48058.json
swebench--pallets__flask-4575,RESOLVED,7cb7208e806c9bd7a24a62b2706270dbf56a966ce59b5f4df65076357e365f36,episode:e19b417c8add98f42badbaa45b54ed9fb028800d88080481f8469fdc2597243e,app-redirect,PUBLIC_TEST_OBSERVATION,19,RED,False,False,7,/home/trimem-runner/skhynix-architecture-scale-001/pipeline-v13/learning-240/captures/7cb7208e806c9bd7a24a62b2706270dbf56a966ce59b5f4df65076357e365f36.json
swebench--pallets__flask-4575,RESOLVED,216782dc8c6c2bad2bea6cf2bf6502047233512b151df5ed58eb70e7982d3919,episode:8f6647ac591648c8fa73209ef865ce834510d2488855c5e9a8fa9dc73973bd4b,app-redirect,COMPLETED_SUBGOAL,24,,False,True,7,/home/trimem-runner/skhynix-architecture-scale-001/pipeline-v13/learning-240/captures/216782dc8c6c2bad2bea6cf2bf6502047233512b151df5ed58eb70e7982d3919.json
swebench--pallets__flask-4575,RESOLVED,8d95cf751fc4b7d2d3a0e21839f50515f329b90406c26a9d91b54fdfc3d8d617,episode:ed013f08e25f2655316ef3dd581b4b737b22af7d4e8f3cc653c23c7df4fd3662,helper-dispatch,PUBLIC_TEST_OBSERVATION,34,RED,False,False,0,/home/trimem-runner/skhynix-architecture-scale-001/pipeline-v13/learning-240/captures/8d95cf751fc4b7d2d3a0e21839f50515f329b90406c26a9d91b54fdfc3d8d617.json
swebench--pallets__flask-4575,RESOLVED,86514a0e20a0ab7ef1645831d1735d9817dbbb1b7ccb5f6a84bc75f563b304af,episode:ce6ea2c1177eda8d93ecbd4d11a281dc3cb61048f056d32f9c9c973925644e15,helper-dispatch,PUBLIC_TEST_OBSERVATION,35,RED,False,False,0,/home/trimem-runner/skhynix-architecture-scale-001/pipeline-v13/learning-240/captures/86514a0e20a0ab7ef1645831d1735d9817dbbb1b7ccb5f6a84bc75f563b304af.json
swebench--pallets__flask-4575,RESOLVED,dec1c1c9a8742bf8fade8fa60bbec9b4d33f110b43bc749ebf413c928cb08c23,episode:4bb27e25d44556bad5c5e5f6f48efbad81cb95c68dd7788b0822f9040d9ad586,helper-dispatch,PUBLIC_TEST_OBSERVATION,41,GREEN,True,False,0,/home/trimem-runner/skhynix-architecture-scale-001/pipeline-v13/learning-240/captures/dec1c1c9a8742bf8fade8fa60bbec9b4d33f110b43bc749ebf413c928cb08c23.json
swebench--pallets__flask-4575,RESOLVED,2b910d8abc583762af23b1b9148f38629f8207e6c59faed248daf4d6f6f5e1cf,episode:05d66e72c1d39f17f48fc18b4080a84c164ffe4deaef5c54de00705fecb26d10,helper-dispatch,PUBLIC_TEST_OBSERVATION,42,RED,False,False,0,/home/trimem-runner/skhynix-architecture-scale-001/pipeline-v13/learning-240/captures/2b910d8abc583762af23b1b9148f38629f8207e6c59faed248daf4d6f6f5e1cf.json
swebench--pallets__flask-4575,RESOLVED,30ff4f3bffb74e7129e13566be770b17c19266d5ca9dc1b20af47ecc8ea1f777,episode:93769b13737e4ed24131f7e4148f8b37c2860a14f187a9595507dc4fadd6b28c,helper-dispatch,COMPLETED_SUBGOAL,47,,False,True,0,/home/trimem-runner/skhynix-architecture-scale-001/pipeline-v13/learning-240/captures/30ff4f3bffb74e7129e13566be770b17c19266d5ca9dc1b20af47ecc8ea1f777.json
swebench--pallets__flask-4935,RESOLVED,73e8c9514c9334e773b9b429cdec5218390063e8ee4c129856732f56fa007999,episode:f1627c994a58407d153d0bfd6b374eaffb1f05bc2e3abc334fb13d9f46860973,nested_subdomains,PUBLIC_TEST_OBSERVATION,12,RED,False,False,12,/home/trimem-runner/skhynix-architecture-scale-001/pipeline-v13/learning-240/captures/73e8c9514c9334e773b9b429cdec5218390063e8ee4c129856732f56fa007999.json
swebench--pallets__flask-4935,RESOLVED,8373f60d71989d365f6b1ced26150c47b4eddda8d8b194a2ff7e5502e003ac6e,episode:17dd811e155a4f5acefb77b874f693e59b82b063a4ba1a3de6919d9e87b819a7,nested_subdomains,PUBLIC_TEST_OBSERVATION,14,GREEN,True,False,12,/home/trimem-runner/skhynix-architecture-scale-001/pipeline-v13/learning-240/captures/8373f60d71989d365f6b1ced26150c47b4eddda8d8b194a2ff7e5502e003ac6e.json
swebench--pallets__flask-4935,RESOLVED,ca21845f25820a3b040f544c0543dc8cc97b61a6b07514f6cf274cb6138f367a,episode:a082887728c11cfaffcc91d8c3488b8659d1887581efcebd37fda12e36100c2b,nested_subdomains,PUBLIC_TEST_OBSERVATION,16,GREEN,True,False,12,/home/trimem-runner/skhynix-architecture-scale-001/pipeline-v13/learning-240/captures/ca21845f25820a3b040f544c0543dc8cc97b61a6b07514f6cf274cb6138f367a.json
swebench--pallets__flask-4935,RESOLVED,9cc1122c0b498964122da65d5d6fec7d2156c28e5088d06afa5d19d3fa9ec34c,episode:834daa607c06aa3401f80c003005b6a34813b1aa7a8adf1e443c50bb0eb8adb7,nested_subdomains,COMPLETED_SUBGOAL,17,,True,True,12,/home/trimem-runner/skhynix-architecture-scale-001/pipeline-v13/learning-240/captures/9cc1122c0b498964122da65d5d6fec7d2156c28e5088d06afa5d19d3fa9ec34c.json
swebench--pallets__flask-4935,RESOLVED,3ccfc0493b050ce0ced466936c2d0160e7a5ab242d15d062797ed27ee636cfe1,episode:fdd676d2a94163850d7426f9d2e2986a521b9d4be065d37d147f23e54be3cb47,routing_contract,PUBLIC_TEST_OBSERVATION,26,RED,False,False,0,/home/trimem-runner/skhynix-architecture-scale-001/pipeline-v13/learning-240/captures/3ccfc0493b050ce0ced466936c2d0160e7a5ab242d15d062797ed27ee636cfe1.json
swebench--pallets__flask-4935,RESOLVED,78951e1ee3d28010db466a4e46de62338b1998bd6fc4db8103dae62cb569be4d,episode:d37e9ca055ac61a2a483a9b455fb164670dfd46892b6f28a812d01e5b0fde44e,routing_contract,PUBLIC_TEST_OBSERVATION,31,RED,False,False,0,/home/trimem-runner/skhynix-architecture-scale-001/pipeline-v13/learning-240/captures/78951e1ee3d28010db466a4e46de62338b1998bd6fc4db8103dae62cb569be4d.json
swebench--pallets__flask-4935,RESOLVED,3612bf7aab4830b66639a27e675fd2ce9f0ca3cac1d418bb1217a0a90fd9919b,episode:d0c4061b02a5627af3709c6f45618082b0a885628030723face7899a24684313,routing_contract,PUBLIC_TEST_OBSERVATION,36,GREEN,True,False,0,/home/trimem-runner/skhynix-architecture-scale-001/pipeline-v13/learning-240/captures/3612bf7aab4830b66639a27e675fd2ce9f0ca3cac1d418bb1217a0a90fd9919b.json
swebench--pallets__flask-4935,RESOLVED,45289de9e3aa28dc70860f5714638da762c802636f0e5ab2ae6f0dde4af05364,episode:29ff1d635aa924ba92b583c27ab78c971c6d6df05677cc49b927d41f29230d9a,routing_contract,TERMINAL_ACTIVE,38,,False,False,0,/home/trimem-runner/skhynix-architecture-scale-001/pipeline-v13/learning-240/captures/45289de9e3aa28dc70860f5714638da762c802636f0e5ab2ae6f0dde4af05364.json
swebench--psf__requests-1376,UNRESOLVED,3caedfd1eeec54784fc5d2ab8e9a49d05bcfaf86e3e3150778ba60fc2d10964e,episode:54683b4020ce130deb82e19fc28440c2572f30e3e531795b19f3a10b6c47980e,fieldname_encoding,PUBLIC_TEST_OBSERVATION,7,GREEN,True,False,8,/home/trimem-runner/skhynix-architecture-scale-001/pipeline-v13/learning-240/captures/3caedfd1eeec54784fc5d2ab8e9a49d05bcfaf86e3e3150778ba60fc2d10964e.json
swebench--psf__requests-1376,UNRESOLVED,28b9df3d1b0807c840eb4dca12ca7e52482f4e0c193d95fff4088c0e35ec770b,episode:68a0cccde76f0de430af1d0f36a1f3b9ef4142ad2d9456402f83990c062fc7db,fieldname_encoding,PUBLIC_TEST_OBSERVATION,13,GREEN,True,False,8,/home/trimem-runner/skhynix-architecture-scale-001/pipeline-v13/learning-240/captures/28b9df3d1b0807c840eb4dca12ca7e52482f4e0c193d95fff4088c0e35ec770b.json
swebench--psf__requests-1376,UNRESOLVED,8d36d5a9cf2c14c44f8b595cebe5d81b3f55249ec85dfd81d24d23b09b89a8d6,episode:651098c06245ead0a2586d6df5d1c1a42e1b120fe6da85c7c7ed2c65b66edec7,fieldname_encoding,COMPLETED_SUBGOAL,14,,True,True,8,/home/trimem-runner/skhynix-architecture-scale-001/pipeline-v13/learning-240/captures/8d36d5a9cf2c14c44f8b595cebe5d81b3f55249ec85dfd81d24d23b09b89a8d6.json
swebench--psf__requests-1376,UNRESOLVED,f1b06b0e8ae54ef43c64ed2cb32bbfb029fa93fd4b86c29f3ec6ba628952689a,episode:3b99d165a540c636e2a63fd70000feb94054a65b81436f323babd02f97cede45,multipart_invariants,COMPLETED_SUBGOAL,26,,False,True,0,/home/trimem-runner/skhynix-architecture-scale-001/pipeline-v13/learning-240/captures/f1b06b0e8ae54ef43c64ed2cb32bbfb029fa93fd4b86c29f3ec6ba628952689a.json
swebench--psf__requests-1635,RESOLVED,469f15fc10b900cf14a52865e86eb25f6864c045ae9907ec885f9e63025276a2,episode:5d90eff4826709ea50d50deeecbf0ac5a1ee42d52933ddf08e63b2ba8f8f5850,redirect_cookies,PUBLIC_TEST_OBSERVATION,17,RED,False,False,20,/home/trimem-runner/skhynix-architecture-scale-001/pipeline-v13/learning-240/captures/469f15fc10b900cf14a52865e86eb25f6864c045ae9907ec885f9e63025276a2.json
swebench--psf__requests-1635,RESOLVED,fc60f461d895f63b7cac0062d6f28c7beca0fc97afe2200c86c415c8474f47e4,episode:3226fdf5aafecc800e109875af1a2a99849b714068938180f861927fe9a78122,redirect_cookies,PUBLIC_TEST_OBSERVATION,22,GREEN,True,False,20,/home/trimem-runner/skhynix-architecture-scale-001/pipeline-v13/learning-240/captures/fc60f461d895f63b7cac0062d6f28c7beca0fc97afe2200c86c415c8474f47e4.json
swebench--psf__requests-1635,RESOLVED,072913e5904de6d2e5fae323eefe2fcd73a1becca3cc0d4fdde71469c2438e2b,episode:050f96c7800efea22701de614ebf4993b5582243e18ceac8fd97dfe7e597ee3b,redirect_cookies,COMPLETED_SUBGOAL,23,,True,True,20,/home/trimem-runner/skhynix-architecture-scale-001/pipeline-v13/learning-240/captures/072913e5904de6d2e5fae323eefe2fcd73a1becca3cc0d4fdde71469c2438e2b.json
swebench--psf__requests-1635,RESOLVED,ee353647b0a2e3f5f8e67bafe0217bc13e4bace997d7504f76e680359c852d79,episode:47b9616a0ab91223c9a9e49ab6200a520e8e5334488dc26a0622e847d6282858,history_headers,PUBLIC_TEST_OBSERVATION,32,RED,False,False,0,/home/trimem-runner/skhynix-architecture-scale-001/pipeline-v13/learning-240/captures/ee353647b0a2e3f5f8e67bafe0217bc13e4bace997d7504f76e680359c852d79.json
swebench--psf__requests-1635,RESOLVED,cb5245735e045c832411b4791dfb5ad9aa655e50c4e8b5b693ddc7a0ac452f59,episode:e650c95b136b4beeef178111ff9c35eeb49e2d92052cdc31f5cb83ad5e29799b,history_headers,PUBLIC_TEST_OBSERVATION,34,GREEN,True,False,0,/home/trimem-runner/skhynix-architecture-scale-001/pipeline-v13/learning-240/captures/cb5245735e045c832411b4791dfb5ad9aa655e50c4e8b5b693ddc7a0ac452f59.json
swebench--psf__requests-1635,RESOLVED,e97a0d74c79708b82e426f955806cac04a9f6d3f4d8b4010a6746a75fa9a7076,episode:1cb5ff908101cd829c390745028ea16f9b41c2883740428ef3e05f4bd90b7ce8,history_headers,PUBLIC_TEST_OBSERVATION,41,GREEN,True,False,0,/home/trimem-runner/skhynix-architecture-scale-001/pipeline-v13/learning-240/captures/e97a0d74c79708b82e426f955806cac04a9f6d3f4d8b4010a6746a75fa9a7076.json
swebench--psf__requests-1635,RESOLVED,34d571b1be9f01b9d71732586417d2efa882f2d869db6ae64aaf39060eb66149,episode:c124e404808229c6babf42057f8f0f1cf455a078602b7fb512e1365568847b7a,history_headers,COMPLETED_SUBGOAL,45,,True,True,0,/home/trimem-runner/skhynix-architecture-scale-001/pipeline-v13/learning-240/captures/34d571b1be9f01b9d71732586417d2efa882f2d869db6ae64aaf39060eb66149.json
swebench--psf__requests-1689,RESOLVED,779d0f5b6e06a65af373fb81b25779d74ba65e9246d1747c552c80e43a5a028d,episode:0e56cd7c27c287df8d8d98b7fe971d3694bc0c634ecb2e6e75a5f90cd36e7f01,native_headers,PUBLIC_TEST_OBSERVATION,15,RED,False,False,14,/home/trimem-runner/skhynix-architecture-scale-001/pipeline-v13/learning-240/captures/779d0f5b6e06a65af373fb81b25779d74ba65e9246d1747c552c80e43a5a028d.json
swebench--psf__requests-1689,RESOLVED,a6622c39a34ba5d937add84c5fbc2276dec73c950a3e573fdab4d0896e1fd42c,episode:a9018217f024fcdcb89091aeaab912310e0a49eb9eb6960e09edcca331b2dccf,native_headers,PUBLIC_TEST_OBSERVATION,19,GREEN,True,False,14,/home/trimem-runner/skhynix-architecture-scale-001/pipeline-v13/learning-240/captures/a6622c39a34ba5d937add84c5fbc2276dec73c950a3e573fdab4d0896e1fd42c.json
swebench--psf__requests-1689,RESOLVED,b6c106a627d853086be9623dc0c59655407198dad65d6674d91a1275e63b0a53,episode:15dbdad11e074fcb4b566f5bc306c02e3e742c0c12eaae17327b6e90d8f1cbc6,native_headers,COMPLETED_SUBGOAL,20,,True,True,14,/home/trimem-runner/skhynix-architecture-scale-001/pipeline-v13/learning-240/captures/b6c106a627d853086be9623dc0c59655407198dad65d6674d91a1275e63b0a53.json
swebench--psf__requests-1689,RESOLVED,2cec5e653134adea6dbeabee3bcf86db4391abf387e4b46a454275a59c80d86e,episode:c12fc26f6da2c1fb050a221be68df060e92e56023f1dd0b0c7558388f635d6a6,verify_uploads,PUBLIC_TEST_OBSERVATION,31,GREEN,True,False,0,/home/trimem-runner/skhynix-architecture-scale-001/pipeline-v13/learning-240/captures/2cec5e653134adea6dbeabee3bcf86db4391abf387e4b46a454275a59c80d86e.json
swebench--psf__requests-1689,RESOLVED,f85956236f73cee941888767d8ba08e00f2a851360d3dfd2a828f22bac51687c,episode:67574768034dfcd88f9e209d5b784ff0dff27f656087008e9d1692aa1284fd81,verify_uploads,COMPLETED_SUBGOAL,37,,False,True,0,/home/trimem-runner/skhynix-architecture-scale-001/pipeline-v13/learning-240/captures/f85956236f73cee941888767d8ba08e00f2a851360d3dfd2a828f22bac51687c.json
swebench--psf__requests-2413,UNRESOLVED,0a32664db753579a6690f9269bc9969dcc1be7963dad1e54eb66dec6b537a57f,episode:52995c325ed60881c42bc8ba0622139b6d0b5b4be43e1f80be533457c82c5754,unicode-filenames,PUBLIC_TEST_OBSERVATION,19,RED,False,False,11,/home/trimem-runner/skhynix-architecture-scale-001/pipeline-v13/learning-240/captures/0a32664db753579a6690f9269bc9969dcc1be7963dad1e54eb66dec6b537a57f.json
swebench--psf__requests-2413,UNRESOLVED,1d954481777d5bf259ed785e44f2204a613eee0eccf867d06f5ba24d703a1675,episode:e867668cf62a17df64d0fc3500bf95c3f13780d525746ddf6acca997daf49b6d,unicode-filenames,PUBLIC_TEST_OBSERVATION,21,GREEN,True,False,11,/home/trimem-runner/skhynix-architecture-scale-001/pipeline-v13/learning-240/captures/1d954481777d5bf259ed785e44f2204a613eee0eccf867d06f5ba24d703a1675.json
swebench--psf__requests-2413,UNRESOLVED,3e9f3b9c3d12d61dbe6fad2ea0e30f9341f90f6b2a2f30328fb30f3b284bd153,episode:ad2c87e775a398f64bf574fe291bab7dc0c458e0453e574dcabec305352aa197,unicode-filenames,COMPLETED_SUBGOAL,22,,True,True,11,/home/trimem-runner/skhynix-architecture-scale-001/pipeline-v13/learning-240/captures/3e9f3b9c3d12d61dbe6fad2ea0e30f9341f90f6b2a2f30328fb30f3b284bd153.json
swebench--psf__requests-2413,UNRESOLVED,075af9de429ff657f48b64d2975f9fe9388741be43e28b5b74e4be274e540b18,episode:f3d0432ddd50e011e78ac93ccd1e2db7b09246aecbdbb2cda9a831301a1cd8cc,upload-verification,PUBLIC_TEST_OBSERVATION,32,GREEN,True,False,0,/home/trimem-runner/skhynix-architecture-scale-001/pipeline-v13/learning-240/captures/075af9de429ff657f48b64d2975f9fe9388741be43e28b5b74e4be274e540b18.json
swebench--psf__requests-2413,UNRESOLVED,c1870c1d20a9abbf250eab2ead880798473e93d68e4cdf70592f38e5fd06c0ab,episode:2729ebe455103c4972c86a0821ba38bdbb420a7c5cc7487b5f8e2218858ae1b8,upload-verification,COMPLETED_SUBGOAL,39,,False,True,0,/home/trimem-runner/skhynix-architecture-scale-001/pipeline-v13/learning-240/captures/c1870c1d20a9abbf250eab2ead880798473e93d68e4cdf70592f38e5fd06c0ab.json
swebench--psf__requests-2617,RESOLVED,6cead736774895c61b29319420557310d24bbdeb0bbe040ece00ce6412350b61,episode:fae6d986d9068d381d36ae71ecf619e7f873275216a2f1d7b639e752c05d6d03,native-method,PUBLIC_TEST_OBSERVATION,14,RED,False,False,11,/home/trimem-runner/skhynix-architecture-scale-001/pipeline-v13/learning-240/captures/6cead736774895c61b29319420557310d24bbdeb0bbe040ece00ce6412350b61.json
swebench--psf__requests-2617,RESOLVED,e32a97b96e0e9865dc74e4a8083a500d35029b1df42a0a1e6bbc577262b28084,episode:5c25672b48b4cbe8193dd5d53fc985b078900a33b29e69cbfcb69b286333c908,native-method,PUBLIC_TEST_OBSERVATION,16,GREEN,True,False,11,/home/trimem-runner/skhynix-architecture-scale-001/pipeline-v13/learning-240/captures/e32a97b96e0e9865dc74e4a8083a500d35029b1df42a0a1e6bbc577262b28084.json
swebench--psf__requests-2617,RESOLVED,441c27e265e78baf143281fb2323c5e072822b63f54fa3ea81d8db3bb175a692,episode:6c696fcebc1e9efb40755c006d6053d651a489239d409010975b2bb7285010f6,native-method,COMPLETED_SUBGOAL,17,,True,True,11,/home/trimem-runner/skhynix-architecture-scale-001/pipeline-v13/learning-240/captures/441c27e265e78baf143281fb2323c5e072822b63f54fa3ea81d8db3bb175a692.json
swebench--psf__requests-2617,RESOLVED,ef3a868ff4d2ebea6a39bbca6bb2bbeafc699bbea3506b58d57e1ab705343cda,episode:eabe976749966a9cc69226d51f05ddc90ef6e2c3dac23ae0b5ac00ce255cdf7a,verify-uploads,PUBLIC_TEST_OBSERVATION,26,GREEN,True,False,0,/home/trimem-runner/skhynix-architecture-scale-001/pipeline-v13/learning-240/captures/ef3a868ff4d2ebea6a39bbca6bb2bbeafc699bbea3506b58d57e1ab705343cda.json
swebench--psf__requests-2617,RESOLVED,468199dcf34c82340913600f8ab13a1b0fbee03f2f28a16fab181e155408a3cd,episode:a35805c84348c93ed6641cf5a318df48bd8a3640bf6754ee6dcc40add67e15ed,verify-uploads,TERMINAL_ACTIVE,28,,False,False,0,/home/trimem-runner/skhynix-architecture-scale-001/pipeline-v13/learning-240/captures/468199dcf34c82340913600f8ab13a1b0fbee03f2f28a16fab181e155408a3cd.json
swebench--psf__requests-5087,RESOLVED,34df8ff52606a23ccf7f0653f0f1e5868c7f586484de2659446fbecf6dd13bed,episode:508673cca957e9570d53e58d1f25820327bc79293d7eefe9624206b1f7a9c872,retain_read_errors,PUBLIC_TEST_OBSERVATION,16,GREEN,True,False,15,/home/trimem-runner/skhynix-architecture-scale-001/pipeline-v13/learning-240/captures/34df8ff52606a23ccf7f0653f0f1e5868c7f586484de2659446fbecf6dd13bed.json
swebench--psf__requests-5087,RESOLVED,b2d62ec8d0c05410465b6c814256148f2b09c83462322b5cca3c312eed0caf43,episode:32b0823d7e7dabcc74eb6285b000f82085047a5d09d9ccf980efed101f702f34,retain_read_errors,COMPLETED_SUBGOAL,17,,True,True,15,/home/trimem-runner/skhynix-architecture-scale-001/pipeline-v13/learning-240/captures/b2d62ec8d0c05410465b6c814256148f2b09c83462322b5cca3c312eed0caf43.json
swebench--psf__requests-5087,RESOLVED,24f91d55a1b397ea14ea5eef18d9fa48ef1bc0284dc0a7d6f7c14598441d679f,episode:8d999de6a5f3f81c3c2e176602e6f83f952f85ce33b062355115e61d82a1dab6,verify_content_invariants,PUBLIC_TEST_OBSERVATION,28,GREEN,True,False,0,/home/trimem-runner/skhynix-architecture-scale-001/pipeline-v13/learning-240/captures/24f91d55a1b397ea14ea5eef18d9fa48ef1bc0284dc0a7d6f7c14598441d679f.json
swebench--psf__requests-5087,RESOLVED,8369fe1c894403e101058326b2ce3eb4e68fe6008a5ba3b72729fe7d7e0aef53,episode:aa6b33bcc5dd48ef91084d28bf12b5e3d0225117ea74463de314cc7586f6e307,verify_content_invariants,PUBLIC_TEST_OBSERVATION,29,GREEN,True,False,0,/home/trimem-runner/skhynix-architecture-scale-001/pipeline-v13/learning-240/captures/8369fe1c894403e101058326b2ce3eb4e68fe6008a5ba3b72729fe7d7e0aef53.json
swebench--psf__requests-5087,RESOLVED,0d1ed3f658f82f9b209b0ca19b39c21ed72cf2cec3a0519cce81293118874fde,episode:94a90023d0a2317d126a765887793770dabd7223851d32073c4af2a0f74848bc,verify_content_invariants,COMPLETED_SUBGOAL,34,,False,True,0,/home/trimem-runner/skhynix-architecture-scale-001/pipeline-v13/learning-240/captures/0d1ed3f658f82f9b209b0ca19b39c21ed72cf2cec3a0519cce81293118874fde.json
swebench--psf__requests-774,RESOLVED,7ec00bd6cb5288a618abd69a2491b3e11d2e165c5916e2138773ddbfc8636fbb,episode:c10a8762d6aad3889ba4feaa3168994433c503bfc167d2fc272c24bda7969bc8,idna-errors,PUBLIC_TEST_OBSERVATION,16,GREEN,True,False,8,/home/trimem-runner/skhynix-architecture-scale-001/pipeline-v13/learning-240/captures/7ec00bd6cb5288a618abd69a2491b3e11d2e165c5916e2138773ddbfc8636fbb.json
swebench--psf__requests-774,RESOLVED,ca7f2fb9119f5cb9cc764b7029ad34213123fdedc94e7f9e23f754d793b9ce95,episode:b52c12856bab606ce15829704d119ad71ebe87451153ce8cce224913173b3921,idna-errors,COMPLETED_SUBGOAL,17,,True,True,8,/home/trimem-runner/skhynix-architecture-scale-001/pipeline-v13/learning-240/captures/ca7f2fb9119f5cb9cc764b7029ad34213123fdedc94e7f9e23f754d793b9ce95.json
swebench--psf__requests-774,RESOLVED,be995f2a7146a09e0bbe065c2fc4174bb660e72736d6a4ed0f5a810ec399802b,episode:c69a794c388950cb65325ff0dc0de3834e634f2f0bcf359cf168b7301f651949,idna-compatibility,PUBLIC_TEST_OBSERVATION,24,GREEN,True,False,0,/home/trimem-runner/skhynix-architecture-scale-001/pipeline-v13/learning-240/captures/be995f2a7146a09e0bbe065c2fc4174bb660e72736d6a4ed0f5a810ec399802b.json
swebench--psf__requests-774,RESOLVED,71102147f8e45212ab2b4e83e617dcc8da5e616f1a9b2e12eaa6f3cb6f5c7b4b,episode:5a270f49c6cb70baa3e2da3f14ee4872a0e7fede3d61462d51854ce2d5dc75fc,idna-compatibility,COMPLETED_SUBGOAL,29,,False,True,0,/home/trimem-runner/skhynix-architecture-scale-001/pipeline-v13/learning-240/captures/71102147f8e45212ab2b4e83e617dcc8da5e616f1a9b2e12eaa6f3cb6f5c7b4b.json
swebench--psf__requests-863,RESOLVED,3722d79b170f1bc86fc29ff17d44121510fd49bd13a6cb7ddf4b6c6b55f558d0,episode:b116d15b9c521bdd8eeca17f1cda2e77454529dff491b383c124072f5ad07570,hook-lists,PUBLIC_TEST_OBSERVATION,18,GREEN,True,False,4,/home/trimem-runner/skhynix-architecture-scale-001/pipeline-v13/learning-240/captures/3722d79b170f1bc86fc29ff17d44121510fd49bd13a6cb7ddf4b6c6b55f558d0.json
swebench--psf__requests-863,RESOLVED,2f27f61366e7aa59068c85420f90860a8d035691e70c3bd2d460cbf6f1abc609,episode:a8350a29e1c1e579f23139914fe258825d1d9dc584e81565f4b8dc7a5feb39f9,hook-lists,COMPLETED_SUBGOAL,19,,True,True,4,/home/trimem-runner/skhynix-architecture-scale-001/pipeline-v13/learning-240/captures/2f27f61366e7aa59068c85420f90860a8d035691e70c3bd2d460cbf6f1abc609.json
swebench--psf__requests-863,RESOLVED,1c4efc7ae3d846d1ca978db30fcdf8b8c1b9b4194d5dbd8ed7e5bf50adfec0f7,episode:8cf56ad2b0a11197d1637028152ca8536c8c69f0152e0b49808358afab5e705c,session-hooks,PUBLIC_TEST_OBSERVATION,32,GREEN,True,False,0,/home/trimem-runner/skhynix-architecture-scale-001/pipeline-v13/learning-240/captures/1c4efc7ae3d846d1ca978db30fcdf8b8c1b9b4194d5dbd8ed7e5bf50adfec0f7.json
swebench--psf__requests-863,RESOLVED,bf0aca71c9ff3f83d1a9615ae93a9df1f070061b4d15ca32ab058d57626f23a5,episode:055c0e0cfb952aeba00a1794948c76e66491e038d4de27a2da7bc52eb466efeb,session-hooks,COMPLETED_SUBGOAL,40,,False,True,0,/home/trimem-runner/skhynix-architecture-scale-001/pipeline-v13/learning-240/captures/bf0aca71c9ff3f83d1a9615ae93a9df1f070061b4d15ca32ab058d57626f23a5.json
swebench--pydata__xarray-2922,UNRESOLVED,c7e7bb2e7919899ae81744a9ff7b4ab3b2a369ff33aef0de00e44dc7011feff8,episode:10930315ed2f63cea2da07cde6e07d6583f37d6354a481036efe3696eaedc661,weighted_api,PUBLIC_TEST_OBSERVATION,27,GREEN,True,False,5,/home/trimem-runner/skhynix-architecture-scale-001/pipeline-v13/learning-240/captures/c7e7bb2e7919899ae81744a9ff7b4ab3b2a369ff33aef0de00e44dc7011feff8.json
swebench--pydata__xarray-2922,UNRESOLVED,e40e8d215ebf82e13d2803450a838129f98cd281422f198d3bb812bef2f77183,episode:f20e1c932cbc1448b9f6cf9b8972352ffac6361792f7cb3b526f8f7ac36d9400,weighted_api,COMPLETED_SUBGOAL,29,,False,True,5,/home/trimem-runner/skhynix-architecture-scale-001/pipeline-v13/learning-240/captures/e40e8d215ebf82e13d2803450a838129f98cd281422f198d3bb812bef2f77183.json
swebench--pydata__xarray-2922,UNRESOLVED,d781e2915a6a0b0190016cae76ba8681f6f12d194e4e87e6ff950b636bd5f121,episode:aa5ab22af52db258ca7b79a15f3f14747b645be4315d2a58f354ba7880c5f4b8,weighted_edges,PUBLIC_TEST_OBSERVATION,44,RED,False,False,0,/home/trimem-runner/skhynix-architecture-scale-001/pipeline-v13/learning-240/captures/d781e2915a6a0b0190016cae76ba8681f6f12d194e4e87e6ff950b636bd5f121.json
swebench--pydata__xarray-2922,UNRESOLVED,51981b0df3370956aa2381e80a577c1f2152d9dc3f7620be1ec6a5238f9e94d0,episode:574cf1091a4d116de3bb57b5e114a6dc8525be558276ace6ac6917630f466c29,weighted_edges,PUBLIC_TEST_OBSERVATION,46,RED,False,False,0,/home/trimem-runner/skhynix-architecture-scale-001/pipeline-v13/learning-240/captures/51981b0df3370956aa2381e80a577c1f2152d9dc3f7620be1ec6a5238f9e94d0.json
swebench--pydata__xarray-2922,UNRESOLVED,640339dfd44a989b5cc3986ede190a5ce54122f3ffc080230835cd44f20a9585,episode:a6e75124dda3d5829e91a25118179bcb1ccbfdfcdb639dce93c5b86a06c94e0d,weighted_edges,PUBLIC_TEST_OBSERVATION,49,GREEN,True,False,0,/home/trimem-runner/skhynix-architecture-scale-001/pipeline-v13/learning-240/captures/640339dfd44a989b5cc3986ede190a5ce54122f3ffc080230835cd44f20a9585.json
swebench--pydata__xarray-2922,UNRESOLVED,fda5acfe7b30f7e1c309b8aea5d73cd9b8262852d52201f43ea8402f4b993d9f,episode:47e5b1b31c7caec0531e48282d54966d903ca11d35429a88774de28e831582bc,weighted_edges,PUBLIC_TEST_OBSERVATION,53,GREEN,True,False,0,/home/trimem-runner/skhynix-architecture-scale-001/pipeline-v13/learning-240/captures/fda5acfe7b30f7e1c309b8aea5d73cd9b8262852d52201f43ea8402f4b993d9f.json
swebench--pydata__xarray-2922,UNRESOLVED,b52ba8bcbaf4a2d8bcfe7cf8935ba1232cb157c92f45a5dd4cc2acf66b0ecdbc,episode:0d8206e83868d06b9a52bdeb56f92c17d9f6474a13823ea540c52e7fee230f6a,weighted_edges,PUBLIC_TEST_OBSERVATION,58,RED,False,False,0,/home/trimem-runner/skhynix-architecture-scale-001/pipeline-v13/learning-240/captures/b52ba8bcbaf4a2d8bcfe7cf8935ba1232cb157c92f45a5dd4cc2acf66b0ecdbc.json
swebench--pydata__xarray-2922,UNRESOLVED,de92c3fd737a0965ec060cb4272509cd01228f8e54f964fac0d7f8e66850851a,episode:191fd66b84d38a92e51d9aa9902ffca3f8273b9539aad53c97e60efafb93a40d,weighted_edges,PUBLIC_TEST_OBSERVATION,61,GREEN,True,False,0,/home/trimem-runner/skhynix-architecture-scale-001/pipeline-v13/learning-240/captures/de92c3fd737a0965ec060cb4272509cd01228f8e54f964fac0d7f8e66850851a.json
swebench--pydata__xarray-2922,UNRESOLVED,217f204899c02dd755c05e14c794a68b7a9b48340842865c7ecf44527f3c7845,episode:286a1516c74a2701c13925915ea98455eefb8aad86227c5e60b63059f07eb52b,weighted_edges,PUBLIC_TEST_OBSERVATION,66,GREEN,True,False,0,/home/trimem-runner/skhynix-architecture-scale-001/pipeline-v13/learning-240/captures/217f204899c02dd755c05e14c794a68b7a9b48340842865c7ecf44527f3c7845.json
swebench--pydata__xarray-2922,UNRESOLVED,1552d87a9db61e65abbc2a742d6d8e9982429c9c8bace8d0cbec1470d5351d0d,episode:93b3843f3f3112d68c3c383fa7ab5277433b08d6fd6330f3f21582808b53e3d1,weighted_edges,COMPLETED_SUBGOAL,74,,False,True,0,/home/trimem-runner/skhynix-architecture-scale-001/pipeline-v13/learning-240/captures/1552d87a9db61e65abbc2a742d6d8e9982429c9c8bace8d0cbec1470d5351d0d.json
swebench--pydata__xarray-3114,RESOLVED,b9df52f0f9a12323e08c43a79758152d7ea9239f507524e1f83ee7eff0d11f69,episode:60ffcfc0797240650908b0ab96e6cb46659b9114afd472ba9e209ee0f3f451c3,expansion-write-safety,PUBLIC_TEST_OBSERVATION,14,RED,False,False,12,/home/trimem-runner/skhynix-architecture-scale-001/pipeline-v13/learning-240/captures/b9df52f0f9a12323e08c43a79758152d7ea9239f507524e1f83ee7eff0d11f69.json
swebench--pydata__xarray-3114,RESOLVED,d9b16fbb66ee410b1f554ce15c55d23f21dfdb178f27521b75d7f466f01330e5,episode:ac48fc90d2a1a3faf001eb1beb4bb2a386fae25947e7fad893af0a81f1df74b2,expansion-write-safety,PUBLIC_TEST_OBSERVATION,16,GREEN,True,False,12,/home/trimem-runner/skhynix-architecture-scale-001/pipeline-v13/learning-240/captures/d9b16fbb66ee410b1f554ce15c55d23f21dfdb178f27521b75d7f466f01330e5.json
swebench--pydata__xarray-3114,RESOLVED,cf328627bfac9f4335267c70a6be8eb7f44db119296577332902a9a9e2251eef,episode:a5fc9125c491921aef0c4c9e1025b5cec39a257e04c1d54ac50e3e7b3a1c1446,expansion-write-safety,COMPLETED_SUBGOAL,23,,False,True,12,/home/trimem-runner/skhynix-architecture-scale-001/pipeline-v13/learning-240/captures/cf328627bfac9f4335267c70a6be8eb7f44db119296577332902a9a9e2251eef.json
swebench--pydata__xarray-3114,RESOLVED,e2263995f016906dbb951ff560324cba7fd35457303ddc04986abcce71dae666,episode:d1d0c65a085550f9f6e20c373b3561aa3e4c85be185d39df5f07d145e6e73977,assignment-compatibility,COMPLETED_SUBGOAL,34,,False,True,0,/home/trimem-runner/skhynix-architecture-scale-001/pipeline-v13/learning-240/captures/e2263995f016906dbb951ff560324cba7fd35457303ddc04986abcce71dae666.json
swebench--pydata__xarray-3156,RESOLVED,f946e7f579b73c90d119b617822f063746095794186615c10f41cc9b51b60047,episode:2ea01ac0ea60099b0eb4dd704ae0b05f5446a65ded212ddd5b307cdf5f00a70a,empty-group-error,PUBLIC_TEST_OBSERVATION,10,GREEN,True,False,7,/home/trimem-runner/skhynix-architecture-scale-001/pipeline-v13/learning-240/captures/f946e7f579b73c90d119b617822f063746095794186615c10f41cc9b51b60047.json
swebench--pydata__xarray-3156,RESOLVED,27207ebe91c5db8548b415de4581097c93d0b06b6850e640faaaf49c3f312fb4,episode:cd1f466c131eaf19362401731b7cd922acdd7249d19182666f108396d7d8af51,empty-group-error,COMPLETED_SUBGOAL,11,,True,True,7,/home/trimem-runner/skhynix-architecture-scale-001/pipeline-v13/learning-240/captures/27207ebe91c5db8548b415de4581097c93d0b06b6850e640faaaf49c3f312fb4.json
swebench--pydata__xarray-3156,RESOLVED,8e123ac50cc9d988104a945c8c4a3828a3602086e212f5245dfea44bdd68a097,episode:afcfe7db4cdc9b31e1d8360d8b7332ad97b9a21131f136f0312bc51aecce5616,grouping-invariants,PUBLIC_TEST_OBSERVATION,13,GREEN,True,False,0,/home/trimem-runner/skhynix-architecture-scale-001/pipeline-v13/learning-240/captures/8e123ac50cc9d988104a945c8c4a3828a3602086e212f5245dfea44bdd68a097.json
swebench--pydata__xarray-3156,RESOLVED,0ecf69211e527804f20a468741c465b16e5714379e73b00e8c41223ede14b912,episode:0859be69e73179277b194f36ee2552ef2cb931c7b1f0abcf79a25063b2582f38,grouping-invariants,PUBLIC_TEST_OBSERVATION,19,GREEN,True,False,0,/home/trimem-runner/skhynix-architecture-scale-001/pipeline-v13/learning-240/captures/0ecf69211e527804f20a468741c465b16e5714379e73b00e8c41223ede14b912.json
swebench--pydata__xarray-3156,RESOLVED,b7f1315f63bfb507d5295cdb07b301506deca2b55bd1fc3541a8f3035eab13a1,episode:564bd020aadd4cc2e1449f662048e34c501fe973dc9d217c078c184943100133,grouping-invariants,COMPLETED_SUBGOAL,27,,False,True,0,/home/trimem-runner/skhynix-architecture-scale-001/pipeline-v13/learning-240/captures/b7f1315f63bfb507d5295cdb07b301506deca2b55bd1fc3541a8f3035eab13a1.json
swebench--pydata__xarray-3635,RESOLVED,66a12c644628a52e6b971cf0968d5ae0a126f50966d5b6d0689670eadc199c8a,episode:6c3a7353485d89fbdb6e42d9966b20e5f2c48acf8526d012cf78b8d483e188b6,quantile-range,PUBLIC_TEST_OBSERVATION,11,RED,False,False,5,/home/trimem-runner/skhynix-architecture-scale-001/pipeline-v13/learning-240/captures/66a12c644628a52e6b971cf0968d5ae0a126f50966d5b6d0689670eadc199c8a.json
swebench--pydata__xarray-3635,RESOLVED,277af8a14ee4044b8389befd453560ed70fe1965eb874b37e86b266fd0823227,episode:f9414ab36249ce1f81c67e86b77d8215f146aecc14d2a6da3b3f04960ed3d48d,quantile-range,PUBLIC_TEST_OBSERVATION,13,GREEN,True,False,5,/home/trimem-runner/skhynix-architecture-scale-001/pipeline-v13/learning-240/captures/277af8a14ee4044b8389befd453560ed70fe1965eb874b37e86b266fd0823227.json
swebench--pydata__xarray-3635,RESOLVED,5ed9a0d188e8190222f0d30089f14a96e474efb1e829026753b631246f0483e3,episode:3265ed86bcffc85e1a9ff891b9dc5f7e489f4587c1a3b3b54ebda318b9aaa864,quantile-range,COMPLETED_SUBGOAL,14,,True,True,5,/home/trimem-runner/skhynix-architecture-scale-001/pipeline-v13/learning-240/captures/5ed9a0d188e8190222f0d30089f14a96e474efb1e829026753b631246f0483e3.json
swebench--pydata__xarray-3635,RESOLVED,d479c97b9331f24e049d0bc45b0d75bab0e56fe1dd46c44a07b49290d250bfea,episode:850c6a5cb6dca7d9582262be58f3a3c05bf073ab65f0be6d2aeba3a81ab5f4e4,quantile-compatibility,PUBLIC_TEST_OBSERVATION,18,GREEN,True,False,0,/home/trimem-runner/skhynix-architecture-scale-001/pipeline-v13/learning-240/captures/d479c97b9331f24e049d0bc45b0d75bab0e56fe1dd46c44a07b49290d250bfea.json
swebench--pydata__xarray-3635,RESOLVED,a5d89f8b90c5e5dde6f35e073e74e8b72393f78dd80ddd5b6473b900e28a45a9,episode:5e9958170e1ddac41cf8e9b5f674466523f29c113279b00e68db07cc2e9947dc,quantile-compatibility,PUBLIC_TEST_OBSERVATION,22,GREEN,True,False,0,/home/trimem-runner/skhynix-architecture-scale-001/pipeline-v13/learning-240/captures/a5d89f8b90c5e5dde6f35e073e74e8b72393f78dd80ddd5b6473b900e28a45a9.json
swebench--pydata__xarray-3635,RESOLVED,5a2006d867b47877cabdc1c7d898625ca6a8d2f950bacf3676c4071db57063ca,episode:5a3c7f236c066d02d7eae37f801075cb20d6db33fa7c7d1eeeb950440b01047b,quantile-compatibility,COMPLETED_SUBGOAL,26,,True,True,0,/home/trimem-runner/skhynix-architecture-scale-001/pipeline-v13/learning-240/captures/5a2006d867b47877cabdc1c7d898625ca6a8d2f950bacf3676c4071db57063ca.json
swebench--pydata__xarray-4767,UNRESOLVED,089e302d8cc64b935c7ceaad0cf837a7a1c38d272c616c2b57b6d52512129df8,episode:a6ba9e0822dbe53d3f8786ec2733d509778e8d73ab87e19e990c39cc79ae0def,transpose_consistency,PUBLIC_TEST_OBSERVATION,9,RED,False,False,0,/home/trimem-runner/skhynix-architecture-scale-001/pipeline-v13/learning-240/captures/089e302d8cc64b935c7ceaad0cf837a7a1c38d272c616c2b57b6d52512129df8.json
swebench--pydata__xarray-4767,UNRESOLVED,80feca2f7152131562cad6627efa5f81a07d3b3cc3cfe79ffd99c6b81c6f2b4c,episode:d9a5ed60ae4725d88fcd8f6b4428ed42002fd973b53d602c30f08c03eb6581ec,transpose_consistency,PUBLIC_TEST_OBSERVATION,18,GREEN,True,False,0,/home/trimem-runner/skhynix-architecture-scale-001/pipeline-v13/learning-240/captures/80feca2f7152131562cad6627efa5f81a07d3b3cc3cfe79ffd99c6b81c6f2b4c.json
swebench--pydata__xarray-4767,UNRESOLVED,fddb03119a576df152fd3326f0ded499008ef6d2a64f3e36a5011163ff4b45e3,episode:fc0798e64706c8c66bf41bc377807da982b4d92500fea70c70bf9a46bfed590c,transpose_consistency,COMPLETED_SUBGOAL,19,,True,True,0,/home/trimem-runner/skhynix-architecture-scale-001/pipeline-v13/learning-240/captures/fddb03119a576df152fd3326f0ded499008ef6d2a64f3e36a5011163ff4b45e3.json
swebench--pydata__xarray-4767,UNRESOLVED,940b8317d6f437ee64949aa42b4a5337e1217f4b7e5a7d882a77ce90249500af,episode:d02e1a1f13d80e14ee366d1fa5dc14170875e62fbf2c7db7b901781acff2007c,transpose_invariants,PUBLIC_TEST_OBSERVATION,21,RED,False,False,0,/home/trimem-runner/skhynix-architecture-scale-001/pipeline-v13/learning-240/captures/940b8317d6f437ee64949aa42b4a5337e1217f4b7e5a7d882a77ce90249500af.json
swebench--pydata__xarray-4767,UNRESOLVED,d4ed1d2977473bb2fca351d6f0ac8fba5647ce9086d30510dbe9c00a8b3625be,episode:4c982ae01768ae36bec7ee30d254b04c87a5505cf830f5f555cdc0ff91751d0d,transpose_invariants,PUBLIC_TEST_OBSERVATION,28,RED,False,False,0,/home/trimem-runner/skhynix-architecture-scale-001/pipeline-v13/learning-240/captures/d4ed1d2977473bb2fca351d6f0ac8fba5647ce9086d30510dbe9c00a8b3625be.json
swebench--pydata__xarray-4767,UNRESOLVED,07c529e9a4b7798b3f4c9016f39acdbf4746c67e4bc091fa91e96419e51830a9,episode:17c9bec1de16341d805376543eb0f2a603d4aaa4feef1a6f2d01c99277eb94ad,transpose_invariants,PUBLIC_TEST_OBSERVATION,33,GREEN,True,False,0,/home/trimem-runner/skhynix-architecture-scale-001/pipeline-v13/learning-240/captures/07c529e9a4b7798b3f4c9016f39acdbf4746c67e4bc091fa91e96419e51830a9.json
swebench--pydata__xarray-4767,UNRESOLVED,a71d0ebaf53ded1d07b2844c2f487cb6e88cb38772cfaa98ca78fb73760f823a,episode:a4c98124d88338b52137ee13066f5c7ef0fe34bf35f9c352961980d9430b3482,transpose_invariants,COMPLETED_SUBGOAL,37,,True,True,0,/home/trimem-runner/skhynix-architecture-scale-001/pipeline-v13/learning-240/captures/a71d0ebaf53ded1d07b2844c2f487cb6e88cb38772cfaa98ca78fb73760f823a.json
swebench--pydata__xarray-4819,UNRESOLVED,d1c2c7a394ad4bdab7b5803e3c4ba3c97aacbfd91c4e30985a803b739ff5b87d,episode:6ee039671d2e07ed61c0072f24babfc5332a61f5bba367dcb1d1921892db5119,dataset_drop_isel,PUBLIC_TEST_OBSERVATION,12,GREEN,True,False,0,/home/trimem-runner/skhynix-architecture-scale-001/pipeline-v13/learning-240/captures/d1c2c7a394ad4bdab7b5803e3c4ba3c97aacbfd91c4e30985a803b739ff5b87d.json
swebench--pydata__xarray-4819,UNRESOLVED,076c950fa6d952f186b53545e62179d4564f070f34d92ba887e73c7e3a20c654,episode:51e546152553678d766fdd5362756993c481bb01d70194da1c124464955035ce,dataset_drop_isel,COMPLETED_SUBGOAL,13,,True,True,0,/home/trimem-runner/skhynix-architecture-scale-001/pipeline-v13/learning-240/captures/076c950fa6d952f186b53545e62179d4564f070f34d92ba887e73c7e3a20c654.json
swebench--pydata__xarray-4819,UNRESOLVED,18bcdec950f670bc8adbbabaf2f1a9f5cfe3f523f591e8906cffacf9d36172d0,episode:bf865eb4d7de8afa0b9630a497d50be01dec84d37ebe4ea858c701df8b3e858d,dataarray_drop_isel,PUBLIC_TEST_OBSERVATION,24,GREEN,True,False,0,/home/trimem-runner/skhynix-architecture-scale-001/pipeline-v13/learning-240/captures/18bcdec950f670bc8adbbabaf2f1a9f5cfe3f523f591e8906cffacf9d36172d0.json
swebench--pydata__xarray-4819,UNRESOLVED,ea793fc0cbf3aafb0b6c2f1529e45c4c5bfff83c431daa4dd2479456758c7181,episode:71570ca29c2cbecd5fabe7c196baa4743bd0bb98b9bded6773e1591fa2c7726a,dataarray_drop_isel,PUBLIC_TEST_OBSERVATION,34,GREEN,True,False,0,/home/trimem-runner/skhynix-architecture-scale-001/pipeline-v13/learning-240/captures/ea793fc0cbf3aafb0b6c2f1529e45c4c5bfff83c431daa4dd2479456758c7181.json
swebench--pydata__xarray-4819,UNRESOLVED,071ff72a138b86160c6f52bf80cf6b28867b6e9a243aa7808640e87d98bdc4bc,episode:8b86cf9368f7422db83601a1e78e82b2e697f20e6a319db57093be7a11afeb87,dataarray_drop_isel,COMPLETED_SUBGOAL,40,,False,True,0,/home/trimem-runner/skhynix-architecture-scale-001/pipeline-v13/learning-240/captures/071ff72a138b86160c6f52bf80cf6b28867b6e9a243aa7808640e87d98bdc4bc.json
swebench--pydata__xarray-7052,UNDETERMINED,3335215e256de28768849fb7a251b8c0b016aa31dcb9d0134c513a0acaf9627c,episode:632052e0d3af47d5cce598f467a417d6ac15d77767bf9c8d737290dbcdf2f3f2,accessor_typing,PUBLIC_TEST_OBSERVATION,15,RED,False,False,2,/home/trimem-runner/skhynix-architecture-scale-001/pipeline-v13/learning-240/captures/3335215e256de28768849fb7a251b8c0b016aa31dcb9d0134c513a0acaf9627c.json
swebench--pydata__xarray-7052,UNDETERMINED,b0dea7c8787594065742e7517733001cf89ba941846d366119cb3e1811b7fb77,episode:ff8d04e63c3e7ee85b4bb8fb8a369f97fcf790ef3308f61bd94046064fb657af,accessor_typing,COMPLETED_SUBGOAL,20,,False,True,2,/home/trimem-runner/skhynix-architecture-scale-001/pipeline-v13/learning-240/captures/b0dea7c8787594065742e7517733001cf89ba941846d366119cb3e1811b7fb77.json
swebench--pydata__xarray-7052,UNDETERMINED,f351f105e8a10f9fcf232766eda84522379bb8297625bad9e41ded2d57437fd8,episode:fbb74fb7819c9ead8fa5ed44aa245fbded155467be094b99ea3cd4c440293be8,plot_compatibility,PUBLIC_TEST_OBSERVATION,26,RED,False,False,0,/home/trimem-runner/skhynix-architecture-scale-001/pipeline-v13/learning-240/captures/f351f105e8a10f9fcf232766eda84522379bb8297625bad9e41ded2d57437fd8.json
swebench--pydata__xarray-7052,UNDETERMINED,52431165b6fcc76b06b96f647dfc047258e7d1ebb71193f5e9b7aea5195e8619,episode:235178e419be525e710584c285e00162c7ccf46cf7b5dd1c65afecbcb47acbdd,plot_compatibility,COMPLETED_SUBGOAL,35,,False,True,0,/home/trimem-runner/skhynix-architecture-scale-001/pipeline-v13/learning-240/captures/52431165b6fcc76b06b96f647dfc047258e7d1ebb71193f5e9b7aea5195e8619.json
swebench--pydata__xarray-7120,UNRESOLVED,f1a31409d3fc3cc0de47def02703d09ba0e09de85303ca476721d95d8b1d6f7e,episode:694736388790d290fc701d85d73a5bed063694dc8a82e90fa0c566c0fa61ba35,transpose-errors,PUBLIC_TEST_OBSERVATION,13,RED,False,False,0,/home/trimem-runner/skhynix-architecture-scale-001/pipeline-v13/learning-240/captures/f1a31409d3fc3cc0de47def02703d09ba0e09de85303ca476721d95d8b1d6f7e.json
swebench--pydata__xarray-7120,UNRESOLVED,778d428ca29d10d6df661217930742f10d433f149e0704f2d7c97b82bc4b06b7,episode:2773be907a11d8dff34bead09c14278b3dabc2626b52c84164227d11e4af6e9a,transpose-errors,PUBLIC_TEST_OBSERVATION,15,GREEN,True,False,0,/home/trimem-runner/skhynix-architecture-scale-001/pipeline-v13/learning-240/captures/778d428ca29d10d6df661217930742f10d433f149e0704f2d7c97b82bc4b06b7.json
swebench--pydata__xarray-7120,UNRESOLVED,698d9f8eb02217b3b6cd9e15e085bca0139c22b22a1362138f170cdd9bcfae8c,episode:427f70262688b28769607ec969488162d7cdd43445f960dda39029e1c6ea5e9b,transpose-errors,COMPLETED_SUBGOAL,16,,True,True,0,/home/trimem-runner/skhynix-architecture-scale-001/pipeline-v13/learning-240/captures/698d9f8eb02217b3b6cd9e15e085bca0139c22b22a1362138f170cdd9bcfae8c.json
swebench--pydata__xarray-7120,UNRESOLVED,f0141914696d8960342bc05b215ffb8aa03d14da4463ad6f357cb939380b914c,episode:59b734f841a505c06ca96b6034b7003b16ce2a8db69bd4bbb240b5c3a7e54aeb,transpose-compatibility,PUBLIC_TEST_OBSERVATION,20,GREEN,True,False,0,/home/trimem-runner/skhynix-architecture-scale-001/pipeline-v13/learning-240/captures/f0141914696d8960342bc05b215ffb8aa03d14da4463ad6f357cb939380b914c.json
swebench--pydata__xarray-7120,UNRESOLVED,6668325668a4ae8c462ebec526274636a1ded4156e7680761a3bbcd1127fe84f,episode:eb8bee4682582a4919490e78b50f8c4a7b93d548980e5f9a0c5ded1632a989c4,transpose-compatibility,COMPLETED_SUBGOAL,29,,False,True,0,/home/trimem-runner/skhynix-architecture-scale-001/pipeline-v13/learning-240/captures/6668325668a4ae8c462ebec526274636a1ded4156e7680761a3bbcd1127fe84f.json
swebench--pydata__xarray-7203,RESOLVED,135b10f7234dfbe114334cb0b079962ece237f1c4b1416e32e5d42a774e529e8,episode:757bbb55da0e3654d1cb1897387011e1b16169dae5b2851c651b6a478912f4af,lazy_preview,PUBLIC_TEST_OBSERVATION,12,RED,False,False,11,/home/trimem-runner/skhynix-architecture-scale-001/pipeline-v13/learning-240/captures/135b10f7234dfbe114334cb0b079962ece237f1c4b1416e32e5d42a774e529e8.json
swebench--pydata__xarray-7203,RESOLVED,a91fe9854d93b43d6f686b324e2e81d3beb204bd8291285aa362002b70287a8f,episode:16c0b0dd97c6ec03cf5be3d931f7962c165ab3ed76737e4797fa287fd3287c02,lazy_preview,PUBLIC_TEST_OBSERVATION,16,GREEN,True,False,11,/home/trimem-runner/skhynix-architecture-scale-001/pipeline-v13/learning-240/captures/a91fe9854d93b43d6f686b324e2e81d3beb204bd8291285aa362002b70287a8f.json
swebench--pydata__xarray-7203,RESOLVED,05952a8f8a5daf2cd030c7c2018db5227c616c7fab8ed73c704b8752903752ce,episode:198a1aeb92f0c8b22d57deae8aec64156ea1baa008dc48a9811cd1971865f1a0,lazy_preview,COMPLETED_SUBGOAL,17,,True,True,11,/home/trimem-runner/skhynix-architecture-scale-001/pipeline-v13/learning-240/captures/05952a8f8a5daf2cd030c7c2018db5227c616c7fab8ed73c704b8752903752ce.json
swebench--pydata__xarray-7203,RESOLVED,453ba6800592f5426c332fe18d11ef08cf88bdb312ad5a154c635c183ab6bd7d,episode:27607c8abd22e103f1fc3514df560c284d31079e17a47e3da5dbf43943279b09,repr_invariants,PUBLIC_TEST_OBSERVATION,20,RED,False,False,0,/home/trimem-runner/skhynix-architecture-scale-001/pipeline-v13/learning-240/captures/453ba6800592f5426c332fe18d11ef08cf88bdb312ad5a154c635c183ab6bd7d.json
swebench--pydata__xarray-7203,RESOLVED,3341e83ce5bcd1ccf25531afb6f8e53e6e71e53db3c4f769902bc745fb44db41,episode:06aa29c926be75544bfc46a901c08ddc7f1a457452c27fbbd11b6619c3e11cb5,repr_invariants,PUBLIC_TEST_OBSERVATION,25,GREEN,True,False,0,/home/trimem-runner/skhynix-architecture-scale-001/pipeline-v13/learning-240/captures/3341e83ce5bcd1ccf25531afb6f8e53e6e71e53db3c4f769902bc745fb44db41.json
swebench--pydata__xarray-7203,RESOLVED,96777ede7e3ecafda3755c443587ba3ea84d294ba430937af8cc1fb8a636da12,episode:62308de47cd9f71120ddd02bc04b105ee59ceb38cb86dc6f3e3d3f2286ac4d15,repr_invariants,PUBLIC_TEST_OBSERVATION,26,GREEN,True,False,0,/home/trimem-runner/skhynix-architecture-scale-001/pipeline-v13/learning-240/captures/96777ede7e3ecafda3755c443587ba3ea84d294ba430937af8cc1fb8a636da12.json
swebench--pydata__xarray-7203,RESOLVED,1aa70a9e1f71b3dcd62d6380c042e1daa55f325bf8296192efe200b5a18e4aba,episode:7433277b145cc7d073040e6e64eb44c6a8f5063831e61c170db8eec4b6075e1e,repr_invariants,PUBLIC_TEST_OBSERVATION,31,GREEN,True,False,0,/home/trimem-runner/skhynix-architecture-scale-001/pipeline-v13/learning-240/captures/1aa70a9e1f71b3dcd62d6380c042e1daa55f325bf8296192efe200b5a18e4aba.json
swebench--pydata__xarray-7203,RESOLVED,ae241fe574f966cc80d11976d33d01c04c1b4bd59a055ff9bc443304980003c3,episode:51dbbfd0dc33335338074ed7fedee1832e7b8ac919fd9c890321dc192be3d693,repr_invariants,COMPLETED_SUBGOAL,34,,True,True,0,/home/trimem-runner/skhynix-architecture-scale-001/pipeline-v13/learning-240/captures/ae241fe574f966cc80d11976d33d01c04c1b4bd59a055ff9bc443304980003c3.json
swebench--pylint-dev__pylint-4175,UNRESOLVED,5b9aae0d316e50b77e2965d8cd3fa3abaf4afddedcdf742c0e512443882d5a58,episode:161559d223693a2aa26972ef92f13faf91c9d5d1d0042b232a2f621c68d7f905,threshold,PUBLIC_TEST_OBSERVATION,21,GREEN,True,False,23,/home/trimem-runner/skhynix-architecture-scale-001/pipeline-v13/learning-240/captures/5b9aae0d316e50b77e2965d8cd3fa3abaf4afddedcdf742c0e512443882d5a58.json
swebench--pylint-dev__pylint-4175,UNRESOLVED,069a3df86bdd175b30b80a9168264743f191bdf9f6464ea697907396d3c4bee4,episode:5d37471ef9c4335c1ebb5b9f1d0030735505bed45a8829ec8de96705eb0b4ea5,threshold,PUBLIC_TEST_OBSERVATION,29,RED,False,False,23,/home/trimem-runner/skhynix-architecture-scale-001/pipeline-v13/learning-240/captures/069a3df86bdd175b30b80a9168264743f191bdf9f6464ea697907396d3c4bee4.json
swebench--pylint-dev__pylint-4175,UNRESOLVED,6f83d361ec7a3c3da5a0982f42bc0abca1f751bb608bafe0a18b3fae7f0b8633,episode:d5a99d3d2c24b2a2c407d4e74719311f7ea3112a567776b5a801c22b81ecac9e,threshold,PUBLIC_TEST_OBSERVATION,36,RED,False,False,23,/home/trimem-runner/skhynix-architecture-scale-001/pipeline-v13/learning-240/captures/6f83d361ec7a3c3da5a0982f42bc0abca1f751bb608bafe0a18b3fae7f0b8633.json
swebench--pylint-dev__pylint-4175,UNRESOLVED,5a0c7bb8ce177629ab514decb61f110afa12b2bc07d13a27055ce1d1f1fac617,episode:288a069755c2c2a0239820be6821ede4ec1c116907bbb5998213f424bbc31387,threshold,PUBLIC_TEST_OBSERVATION,39,GREEN,True,False,23,/home/trimem-runner/skhynix-architecture-scale-001/pipeline-v13/learning-240/captures/5a0c7bb8ce177629ab514decb61f110afa12b2bc07d13a27055ce1d1f1fac617.json
swebench--pylint-dev__pylint-4175,UNRESOLVED,acc9b256bdf942a3101dc66108c84cfc53b0d11daa57d51e11f8e2eaa01c1a86,episode:c08f980d19f63e19e7282883a11b6c1edc3d888d0d0e26963b7503dad1435642,threshold,COMPLETED_SUBGOAL,44,,False,True,23,/home/trimem-runner/skhynix-architecture-scale-001/pipeline-v13/learning-240/captures/acc9b256bdf942a3101dc66108c84cfc53b0d11daa57d51e11f8e2eaa01c1a86.json
swebench--pylint-dev__pylint-4175,UNRESOLVED,12e79f066e5649348ab51ee03e9c34b01a987963cc6dad195790b8c9d542386e,episode:f0cd580eff7bdf2952fb76dd68eee6ef58ea6860af1a2e2d017a3ceddc6c3ef2,compatibility,PUBLIC_TEST_OBSERVATION,48,GREEN,True,False,0,/home/trimem-runner/skhynix-architecture-scale-001/pipeline-v13/learning-240/captures/12e79f066e5649348ab51ee03e9c34b01a987963cc6dad195790b8c9d542386e.json
swebench--pylint-dev__pylint-4175,UNRESOLVED,b2b60f9a8d1b67857ecff4f492e90bc13a92f80ba504684415143b1fa33b2f0c,episode:1c6e1e7f852136f4b5cb5d5790a13e6bd4fcff8f8830f589e4dac6c8991b74b8,compatibility,COMPLETED_SUBGOAL,54,,False,True,0,/home/trimem-runner/skhynix-architecture-scale-001/pipeline-v13/learning-240/captures/b2b60f9a8d1b67857ecff4f492e90bc13a92f80ba504684415143b1fa33b2f0c.json
swebench--pylint-dev__pylint-4330,UNRESOLVED,8f09db721a54008f57aea7770befca5198cf473a9947000785ef0744dbd41107,episode:997ba78d7e14bcdc588a0dfd70241ee15a6f3e32de08fa1de7a74d9663e4b155,inline_code,PUBLIC_TEST_OBSERVATION,14,RED,False,False,7,/home/trimem-runner/skhynix-architecture-scale-001/pipeline-v13/learning-240/captures/8f09db721a54008f57aea7770befca5198cf473a9947000785ef0744dbd41107.json
swebench--pylint-dev__pylint-4330,UNRESOLVED,36d5b5a1d85abdc0cc8163997d427300a083a413211d940f4dab5d6a177f960a,episode:6b36acaf8d0561c4348bcbfb8386835dd7809ebcf887c91290fd9cc8419e16c9,inline_code,PUBLIC_TEST_OBSERVATION,16,GREEN,True,False,7,/home/trimem-runner/skhynix-architecture-scale-001/pipeline-v13/learning-240/captures/36d5b5a1d85abdc0cc8163997d427300a083a413211d940f4dab5d6a177f960a.json
swebench--pylint-dev__pylint-4330,UNRESOLVED,eabdc634048996e4a588553681958293451ee2f41f4f708ceaa7549a54ae016a,episode:1f429ece702274ee4c67a1991b9cade473263eb98ab9906a879cd9c489ce68b8,inline_code,COMPLETED_SUBGOAL,17,,True,True,7,/home/trimem-runner/skhynix-architecture-scale-001/pipeline-v13/learning-240/captures/eabdc634048996e4a588553681958293451ee2f41f4f708ceaa7549a54ae016a.json
swebench--pylint-dev__pylint-4330,UNRESOLVED,5d83bdec7e8a99c1d06cacee4b074ebe58de0c65b602307c8835584543f6ed68,episode:3a51bd8ce1dcd79458358d9e45bbc032b86d4df8bcb523da56ecd9f28e10d0c6,prose_checks,PUBLIC_TEST_OBSERVATION,23,RED,False,False,0,/home/trimem-runner/skhynix-architecture-scale-001/pipeline-v13/learning-240/captures/5d83bdec7e8a99c1d06cacee4b074ebe58de0c65b602307c8835584543f6ed68.json
swebench--pylint-dev__pylint-4330,UNRESOLVED,2ba71b8651dcf46ba6c9a08e23658716501af1c5d54bc7ea56a68236870a2824,episode:85a40d5d95b534abef3729d8eea63fdde3cc2ca3255247e4de18b09da9f42300,prose_checks,COMPLETED_SUBGOAL,41,,False,True,0,/home/trimem-runner/skhynix-architecture-scale-001/pipeline-v13/learning-240/captures/2ba71b8651dcf46ba6c9a08e23658716501af1c5d54bc7ea56a68236870a2824.json
swebench--pylint-dev__pylint-4492,UNRESOLVED,011704e6e450184678dd5657d2d5d9472f34f39089e4e40795842fd40aca69c6,episode:fa7f8ba7fd1e3aae8345d81d017f48d4d97f0e938a9c7fe4f61ca752e45ceea1,multi-output,PUBLIC_TEST_OBSERVATION,21,GREEN,True,False,3,/home/trimem-runner/skhynix-architecture-scale-001/pipeline-v13/learning-240/captures/011704e6e450184678dd5657d2d5d9472f34f39089e4e40795842fd40aca69c6.json
swebench--pylint-dev__pylint-4492,UNRESOLVED,c5e6cb1c4054cec28d7fb4fa2d8979b27bc6fcd2feab1d6208e5dad119003de3,episode:1a08e55604f1582fa041bd8e415e18abcfc8bad7b1f83c3cd0597f746c2e1955,multi-output,COMPLETED_SUBGOAL,22,,True,True,3,/home/trimem-runner/skhynix-architecture-scale-001/pipeline-v13/learning-240/captures/c5e6cb1c4054cec28d7fb4fa2d8979b27bc6fcd2feab1d6208e5dad119003de3.json
swebench--pylint-dev__pylint-4492,UNRESOLVED,7c615ab6cdecc745cf6acdd608d70e7f9d4be0475b877d83380bc3b941e85708,episode:d05aa4dcdda38add31202163872eef38dc1b0b89da08da852804a27c098f7fdb,compatibility,PUBLIC_TEST_OBSERVATION,29,GREEN,True,False,0,/home/trimem-runner/skhynix-architecture-scale-001/pipeline-v13/learning-240/captures/7c615ab6cdecc745cf6acdd608d70e7f9d4be0475b877d83380bc3b941e85708.json
swebench--pylint-dev__pylint-4492,UNRESOLVED,232382feeed2b9e4b389542efe517b2e6b8daf08a0938c37d39563fac46bf7b2,episode:2415b2ad7818fc2250a66033b8d5de9d8874237e9b27c6157e474c197f6afa4c,compatibility,COMPLETED_SUBGOAL,38,,False,True,0,/home/trimem-runner/skhynix-architecture-scale-001/pipeline-v13/learning-240/captures/232382feeed2b9e4b389542efe517b2e6b8daf08a0938c37d39563fac46bf7b2.json
swebench--pylint-dev__pylint-5201,UNRESOLVED,5cbba1a88227a8923ed73441628c0c1db7632a9e88f794db3e0c37840a5e9229,episode:8e27429d7c9ef17ccf9ea60a2609e2fc7860ed24f6959501800ff97b88251e8d,portable_ignore_paths,PUBLIC_TEST_OBSERVATION,13,RED,False,False,7,/home/trimem-runner/skhynix-architecture-scale-001/pipeline-v13/learning-240/captures/5cbba1a88227a8923ed73441628c0c1db7632a9e88f794db3e0c37840a5e9229.json
swebench--pylint-dev__pylint-5201,UNRESOLVED,283aea8b3e288cfb6eeadbccbdc0f696f6159e1c264a9f4503aa4043fdef1ebe,episode:b57e3da4fe1594093d3c17c67a8d2acf5e74b967d33bd21406050e75afe2850a,portable_ignore_paths,PUBLIC_TEST_OBSERVATION,17,GREEN,True,False,7,/home/trimem-runner/skhynix-architecture-scale-001/pipeline-v13/learning-240/captures/283aea8b3e288cfb6eeadbccbdc0f696f6159e1c264a9f4503aa4043fdef1ebe.json
swebench--pylint-dev__pylint-5201,UNRESOLVED,d8a7524640cb40956cd282fc4bc432013764d69ee137830efb0b1e671271a593,episode:b09a5e25ea8f6bc7c39f7e3bb9953abd34049f19fd6568af22347d8e6700582a,portable_ignore_paths,COMPLETED_SUBGOAL,18,,True,True,7,/home/trimem-runner/skhynix-architecture-scale-001/pipeline-v13/learning-240/captures/d8a7524640cb40956cd282fc4bc432013764d69ee137830efb0b1e671271a593.json
swebench--pylint-dev__pylint-5201,UNRESOLVED,e0314be8111ec84a7b6b9abc3676980ecebb8a598552ef8e7b99b534a7f5ead8,episode:bf8c50b33634d759db084f2cfc5662016b0bc9fc43a3d6a4bd1104174e76bc9d,ignore_compatibility,PUBLIC_TEST_OBSERVATION,34,GREEN,True,False,0,/home/trimem-runner/skhynix-architecture-scale-001/pipeline-v13/learning-240/captures/e0314be8111ec84a7b6b9abc3676980ecebb8a598552ef8e7b99b534a7f5ead8.json
swebench--pylint-dev__pylint-5201,UNRESOLVED,48c2a86b9530b60c62813cd7b49bb5478348c7223c52850a26684845801acc50,episode:b882f3ee14480630abf047cc017a9aee0730e3e5076b74b9ebc89cb85449e672,ignore_compatibility,COMPLETED_SUBGOAL,36,,True,True,0,/home/trimem-runner/skhynix-architecture-scale-001/pipeline-v13/learning-240/captures/48c2a86b9530b60c62813cd7b49bb5478348c7223c52850a26684845801acc50.json
swebench--pylint-dev__pylint-5743,UNRESOLVED,af35395116c448e3a5b877964bf0795e20cd14457c773f5969e4ae2f640dedde,episode:9231b0fe81513c8e4a081131dbe1941929aa0118f12d7835a6d74c277f9651cb,template-crash,PUBLIC_TEST_OBSERVATION,15,GREEN,True,False,5,/home/trimem-runner/skhynix-architecture-scale-001/pipeline-v13/learning-240/captures/af35395116c448e3a5b877964bf0795e20cd14457c773f5969e4ae2f640dedde.json
swebench--pylint-dev__pylint-5743,UNRESOLVED,3f3f3b34a52f33654a51016552bf06a82c51dfc50b60973eff257b7ff616e156,episode:e293207761f5827c0e7ca88b864fd212130050d467b482ca6e58c31d82db6df1,template-crash,PUBLIC_TEST_OBSERVATION,26,GREEN,True,False,5,/home/trimem-runner/skhynix-architecture-scale-001/pipeline-v13/learning-240/captures/3f3f3b34a52f33654a51016552bf06a82c51dfc50b60973eff257b7ff616e156.json
swebench--pylint-dev__pylint-5743,UNRESOLVED,1a4447fafbeaea7e0f12a9daf05b56f82abee9e8238451101f74efd774622cd3,episode:bcaa0affe026eda259af00557197d01cfee74af9b08b2ab8e0640e30b5e1531b,template-crash,COMPLETED_SUBGOAL,27,,True,True,5,/home/trimem-runner/skhynix-architecture-scale-001/pipeline-v13/learning-240/captures/1a4447fafbeaea7e0f12a9daf05b56f82abee9e8238451101f74efd774622cd3.json
swebench--pylint-dev__pylint-5743,UNRESOLVED,07f14d042847980fcc24a5d96a2971100dd29d37f596450f854f0448ec7ee215,episode:ab74e7047e2b04189698b1541138abfa9b5348b062605001bec41a7dcf05d6b9,template-compatibility,PUBLIC_TEST_OBSERVATION,31,GREEN,True,False,0,/home/trimem-runner/skhynix-architecture-scale-001/pipeline-v13/learning-240/captures/07f14d042847980fcc24a5d96a2971100dd29d37f596450f854f0448ec7ee215.json
swebench--pylint-dev__pylint-5743,UNRESOLVED,999973128b36d07450373c1a9a3681265fb5801634d80dbfa171ea93acc80913,episode:a3e23082e6adfbad6384daf949deea6a1323360d36b379ad299240daf00b6832,template-compatibility,PUBLIC_TEST_OBSERVATION,37,GREEN,True,False,0,/home/trimem-runner/skhynix-architecture-scale-001/pipeline-v13/learning-240/captures/999973128b36d07450373c1a9a3681265fb5801634d80dbfa171ea93acc80913.json
swebench--pylint-dev__pylint-5743,UNRESOLVED,443a7d5178956db9a1cc8809beac3530d1c6c089fbcc85684cd2663ad5611a73,episode:22986cbdce72b9f16b5ea66120bca747d34f3e84fe52195636f7e0c9426bd26e,template-compatibility,TERMINAL_ACTIVE,38,,False,False,0,/home/trimem-runner/skhynix-architecture-scale-001/pipeline-v13/learning-240/captures/443a7d5178956db9a1cc8809beac3530d1c6c089fbcc85684cd2663ad5611a73.json
swebench--pylint-dev__pylint-6412,UNRESOLVED,faab8f1b10413bc0ea40036006dd3c8eec258e27e5c508813f4ad195ed44ab76,episode:09406350c32e5745509d6d48fd855bace889f1f49d2f188221c0249b7ef25e53,abc_interfaces,PUBLIC_TEST_OBSERVATION,11,RED,False,False,2,/home/trimem-runner/skhynix-architecture-scale-001/pipeline-v13/learning-240/captures/faab8f1b10413bc0ea40036006dd3c8eec258e27e5c508813f4ad195ed44ab76.json
swebench--pylint-dev__pylint-6412,UNRESOLVED,dc1e15d69a4627b0d9f539e0f2c08e1cde8e0e189a3de935fe3b8de4f119ebe8,episode:fc5cd35254c3316f116b5b0dcaa2f2ffa3a2889f9a02a2157cc0a5322825c7ff,abc_interfaces,PUBLIC_TEST_OBSERVATION,14,GREEN,True,False,2,/home/trimem-runner/skhynix-architecture-scale-001/pipeline-v13/learning-240/captures/dc1e15d69a4627b0d9f539e0f2c08e1cde8e0e189a3de935fe3b8de4f119ebe8.json
swebench--pylint-dev__pylint-6412,UNRESOLVED,7ae92e0d4b677a604ff0221c216d2e4e0406e6a59a1cc6c6c9bd4cd370b81bca,episode:3243322f48ea4709bb46a8e2372443a0c669c6a05f83492b6d5c04c91303d34f,abc_interfaces,COMPLETED_SUBGOAL,15,,True,True,2,/home/trimem-runner/skhynix-architecture-scale-001/pipeline-v13/learning-240/captures/7ae92e0d4b677a604ff0221c216d2e4e0406e6a59a1cc6c6c9bd4cd370b81bca.json
swebench--pylint-dev__pylint-6412,UNRESOLVED,7ef9745b6e21680dbe19247bcac7fc6fac269991dce58ed29e748afe5633cf42,episode:9ac45cd0edc6b3ea1b973059375782a8cc04895963974de889307bf3e6427b35,categorization,PUBLIC_TEST_OBSERVATION,25,RED,False,False,0,/home/trimem-runner/skhynix-architecture-scale-001/pipeline-v13/learning-240/captures/7ef9745b6e21680dbe19247bcac7fc6fac269991dce58ed29e748afe5633cf42.json
swebench--pylint-dev__pylint-6412,UNRESOLVED,ad7d816e5f4923f31bc4708acdafd2bdc179904f27ee33b2f4aaac2bf539dceb,episode:c6812cdcae1302bb5667eab37b027d32b5804ae940aa937ab0cca20d521b93cc,categorization,PUBLIC_TEST_OBSERVATION,28,GREEN,True,False,0,/home/trimem-runner/skhynix-architecture-scale-001/pipeline-v13/learning-240/captures/ad7d816e5f4923f31bc4708acdafd2bdc179904f27ee33b2f4aaac2bf539dceb.json
swebench--pylint-dev__pylint-6412,UNRESOLVED,a1439199f7e19eb05e9cb39b6637976f45a3e9b5a2b86f9e9a41f8667fbc4705,episode:504d05ba038489d6ab782b05a4f3f8dde8e8430f9e2a10ed2fd91752a96c84c0,categorization,PUBLIC_TEST_OBSERVATION,35,RED,False,False,0,/home/trimem-runner/skhynix-architecture-scale-001/pipeline-v13/learning-240/captures/a1439199f7e19eb05e9cb39b6637976f45a3e9b5a2b86f9e9a41f8667fbc4705.json
swebench--pylint-dev__pylint-6412,UNRESOLVED,53a0c3190565054a112c20be0fe210bf7ab4ad78626de9e241d959d92f2ff44f,episode:251bf7540f403e0341ec3d1b5db6066e7887c16a1b62b82fc4eedda3a1a648fc,categorization,COMPLETED_SUBGOAL,41,,False,True,0,/home/trimem-runner/skhynix-architecture-scale-001/pipeline-v13/learning-240/captures/53a0c3190565054a112c20be0fe210bf7ab4ad78626de9e241d959d92f2ff44f.json
swebench--pylint-dev__pylint-8124,UNRESOLVED,00275f6cb8ce64a815598a35aeca3916b3af278a65991926ed13b79d1b516422,episode:409ed38314a98b0b47f90d248ec569c9724e46c706de980428e0cb18319a6a61,explicit-reexports,PUBLIC_TEST_OBSERVATION,10,RED,False,False,4,/home/trimem-runner/skhynix-architecture-scale-001/pipeline-v13/learning-240/captures/00275f6cb8ce64a815598a35aeca3916b3af278a65991926ed13b79d1b516422.json
swebench--pylint-dev__pylint-8124,UNRESOLVED,03d3dbf887acfeb1376ec898d686fa90af7b2476b1847c4e001f96f67cd8ca8a,episode:f0efc748b05f52c9fff013780975e858f30a8f7cfce768e832e103cae618f0d1,explicit-reexports,PUBLIC_TEST_OBSERVATION,12,GREEN,True,False,4,/home/trimem-runner/skhynix-architecture-scale-001/pipeline-v13/learning-240/captures/03d3dbf887acfeb1376ec898d686fa90af7b2476b1847c4e001f96f67cd8ca8a.json
swebench--pylint-dev__pylint-8124,UNRESOLVED,541a12bd189fc45ba294cd7dc6b781b03e7486d133c02054a3faebc28f6c470c,episode:4c337bc7cdb1dd356c1b2bbebfe30158eb4f7c5757b8a8211eb14787c92673f0,explicit-reexports,COMPLETED_SUBGOAL,13,,True,True,4,/home/trimem-runner/skhynix-architecture-scale-001/pipeline-v13/learning-240/captures/541a12bd189fc45ba294cd7dc6b781b03e7486d133c02054a3faebc28f6c470c.json
swebench--pylint-dev__pylint-8124,UNRESOLVED,530d9ad859698db8c6625fa49a1b063531e11c46f721a37d8d56cd6a36845ae4,episode:041f8ac6292c3accf74ef5f96ff4670a19baea9ac748fc1bb22f9f1907abc2b5,alias-invariants,PUBLIC_TEST_OBSERVATION,18,RED,False,False,0,/home/trimem-runner/skhynix-architecture-scale-001/pipeline-v13/learning-240/captures/530d9ad859698db8c6625fa49a1b063531e11c46f721a37d8d56cd6a36845ae4.json
swebench--pylint-dev__pylint-8124,UNRESOLVED,f3fedf46f6344e1cd0b8c5bfb68cf60546018abee173e86def71bdf4ef2f6645,episode:f7a288b583f6f0cb1b28d201154dc3c7865b4c25a59e1219954787caf29cc1dc,alias-invariants,PUBLIC_TEST_OBSERVATION,22,GREEN,True,False,0,/home/trimem-runner/skhynix-architecture-scale-001/pipeline-v13/learning-240/captures/f3fedf46f6344e1cd0b8c5bfb68cf60546018abee173e86def71bdf4ef2f6645.json
swebench--pylint-dev__pylint-8124,UNRESOLVED,7a23d2a1ddab6d3a216ba612414212675c67add32aed9072a2d3e05c152e0baf,episode:695d9aa2d2c937ea13833071fb75dce75371f360e28d058ce426f81b3fa7dd90,alias-invariants,COMPLETED_SUBGOAL,30,,False,True,0,/home/trimem-runner/skhynix-architecture-scale-001/pipeline-v13/learning-240/captures/7a23d2a1ddab6d3a216ba612414212675c67add32aed9072a2d3e05c152e0baf.json
swebench--pylint-dev__pylint-8281,RESOLVED,0858b1ee1293d4b61078ff04c0367654a70428addfda40c95dcb798ef9abaf4c,episode:a1cc7ce8876442b3e9b0f906f06330604ecfd09989bac002c8f870f9aed0f4d0,glob-source-roots,PUBLIC_TEST_OBSERVATION,15,RED,False,False,4,/home/trimem-runner/skhynix-architecture-scale-001/pipeline-v13/learning-240/captures/0858b1ee1293d4b61078ff04c0367654a70428addfda40c95dcb798ef9abaf4c.json
swebench--pylint-dev__pylint-8281,RESOLVED,ad4c16e244154e6d3ddc6e7efa586efb67d431fa5e869fab3d90c3127017ec90,episode:bc0b17e08400355cda6fd9fa398b776f19dc0ccc38188f98e79b3f5a6abb8524,glob-source-roots,PUBLIC_TEST_OBSERVATION,18,GREEN,True,False,4,/home/trimem-runner/skhynix-architecture-scale-001/pipeline-v13/learning-240/captures/ad4c16e244154e6d3ddc6e7efa586efb67d431fa5e869fab3d90c3127017ec90.json
swebench--pylint-dev__pylint-8281,RESOLVED,443b0b11afae72bd2645c86c831f6a0a9bbea920211dd0392680868c8a9de112,episode:3f0ec2b4bc804442273e80e00141d8504ea4f6f837d801ba3cbdd1a68b2c2b59,glob-source-roots,COMPLETED_SUBGOAL,19,,True,True,4,/home/trimem-runner/skhynix-architecture-scale-001/pipeline-v13/learning-240/captures/443b0b11afae72bd2645c86c831f6a0a9bbea920211dd0392680868c8a9de112.json
swebench--pylint-dev__pylint-8281,RESOLVED,4098703a897c707f581956e202316481cd1fb264ca7160097ac5af32e38bda2d,episode:83fcce4b03c181e5be00c808334f8b4a5930d4a735dfc98674fac8cbb80a592c,document-verify,PUBLIC_TEST_OBSERVATION,32,RED,False,False,0,/home/trimem-runner/skhynix-architecture-scale-001/pipeline-v13/learning-240/captures/4098703a897c707f581956e202316481cd1fb264ca7160097ac5af32e38bda2d.json
swebench--pylint-dev__pylint-8281,RESOLVED,cb75fb4016445111ab8462e26a6085d7384733064eb13798de73f79c699d89be,episode:a2c14369caeed301c6edb1ec0ce820104d44b75c5f1204d74a359ecb8f06295b,document-verify,PUBLIC_TEST_OBSERVATION,34,RED,False,False,0,/home/trimem-runner/skhynix-architecture-scale-001/pipeline-v13/learning-240/captures/cb75fb4016445111ab8462e26a6085d7384733064eb13798de73f79c699d89be.json
swebench--pylint-dev__pylint-8281,RESOLVED,5a73f5382f80717437afcb7d1872cb6dc4187994ee33b02ad225d6be77c42ad2,episode:4405e4ded28552c5ce3e8da34e27bc4f4ecf91ab9e788c1d99ea68a76bd387e0,document-verify,COMPLETED_SUBGOAL,42,,False,True,0,/home/trimem-runner/skhynix-architecture-scale-001/pipeline-v13/learning-240/captures/5a73f5382f80717437afcb7d1872cb6dc4187994ee33b02ad225d6be77c42ad2.json
swebench--pytest-dev__pytest-11041,RESOLVED,cd9b15fad1316c728e44e4f73088c15d6b7a4cc15eb5ba11d8ea73219af5ccb0,episode:10a77f2de874010e76da2c7fe9f33f32084d3f93cc04f4aa7dcde8b2f8b6a40f,walrus-order,PUBLIC_TEST_OBSERVATION,16,RED,False,False,12,/home/trimem-runner/skhynix-architecture-scale-001/pipeline-v13/learning-240/captures/cd9b15fad1316c728e44e4f73088c15d6b7a4cc15eb5ba11d8ea73219af5ccb0.json
swebench--pytest-dev__pytest-11041,RESOLVED,6a41de0084eea0c32c2a65f99d77eb3e5fe571072ebe1bfa55da4a7c1d958b1c,episode:be04cc1263d0b1051c6db27ae65f98cb706f6ba6073558e4590e2e6fab692ef1,walrus-order,PUBLIC_TEST_OBSERVATION,18,GREEN,True,False,12,/home/trimem-runner/skhynix-architecture-scale-001/pipeline-v13/learning-240/captures/6a41de0084eea0c32c2a65f99d77eb3e5fe571072ebe1bfa55da4a7c1d958b1c.json
swebench--pytest-dev__pytest-11041,RESOLVED,c6dd09c262040c2d05214ef9c68f3c48b28244b1d9e8b48fa381ae5cd59133de,episode:fc946b3b2a82909f08f2d4f8fd6a70cd20bcc0c082ad87cd385ca0f36eb6f75e,walrus-order,COMPLETED_SUBGOAL,22,,True,True,12,/home/trimem-runner/skhynix-architecture-scale-001/pipeline-v13/learning-240/captures/c6dd09c262040c2d05214ef9c68f3c48b28244b1d9e8b48fa381ae5cd59133de.json
swebench--pytest-dev__pytest-11041,RESOLVED,ccc3a9d4ee937133accf3ef95c8637e37f2ec625f7249ae483195f76a1b4063f,episode:0bf1ea5f18fa6d2df669e3c4c69034a5ca728a5343c33ffeae65c56642108588,comparison-invariants,PUBLIC_TEST_OBSERVATION,29,GREEN,True,False,0,/home/trimem-runner/skhynix-architecture-scale-001/pipeline-v13/learning-240/captures/ccc3a9d4ee937133accf3ef95c8637e37f2ec625f7249ae483195f76a1b4063f.json
swebench--pytest-dev__pytest-11041,RESOLVED,699885d5daf7c987f32928fc412ee62576fd27a5ef0bb9f0134957d7be28978a,episode:05f23e67b509715d9ed5ee5235d6d7a667b2d77acd1ab7b2f536e8f1768073a7,comparison-invariants,TERMINAL_ACTIVE,34,,False,False,0,/home/trimem-runner/skhynix-architecture-scale-001/pipeline-v13/learning-240/captures/699885d5daf7c987f32928fc412ee62576fd27a5ef0bb9f0134957d7be28978a.json
swebench--pytest-dev__pytest-5103,RESOLVED,56f2ba1be9afe14d0abc4c0071d2b76b36534d7fec5ff5681e60bb1ee79ca9c8,episode:d58c51ae88e9dc02e85e9b4852eacd976160cbde767d1be96ca29e9f0a2e4406,predicate_reports,COMPLETED_SUBGOAL,13,,False,True,12,/home/trimem-runner/skhynix-architecture-scale-001/pipeline-v13/learning-240/captures/56f2ba1be9afe14d0abc4c0071d2b76b36534d7fec5ff5681e60bb1ee79ca9c8.json
swebench--pytest-dev__pytest-5103,RESOLVED,34b2c67fd4965aaf493ec88c121bf3e6bad7c785300b78e50d0f9d8516fd462f,episode:f73516b3a5acf8621f11add41616f1879a11e9ff803e533cea683e52067d3f7d,evaluation_semantics,COMPLETED_SUBGOAL,51,,False,True,0,/home/trimem-runner/skhynix-architecture-scale-001/pipeline-v13/learning-240/captures/34b2c67fd4965aaf493ec88c121bf3e6bad7c785300b78e50d0f9d8516fd462f.json
swebench--pytest-dev__pytest-5205,UNDETERMINED,1e290124e3650cd7e701d40f1d566cdbca34d4e6007de7d7576299a1d1159d16,episode:b22a848826476a25f19b05de380314adcbabf532e0777a5203ccc8e8e4ea41cf,property_compatibility,COMPLETED_SUBGOAL,19,,False,True,13,/home/trimem-runner/skhynix-architecture-scale-001/pipeline-v13/learning-240/captures/1e290124e3650cd7e701d40f1d566cdbca34d4e6007de7d7576299a1d1159d16.json
swebench--pytest-dev__pytest-5205,UNDETERMINED,32f7edbb84009ad4f01635f2f8554a99ed6c927960370ad6c90fcdf87b40a766,episode:6b1fc9bff54de1f4a53b8abd4cdc1e8df4565b6ed57448af9e18973ff285c535,suite_properties,COMPLETED_SUBGOAL,52,,False,True,0,/home/trimem-runner/skhynix-architecture-scale-001/pipeline-v13/learning-240/captures/32f7edbb84009ad4f01635f2f8554a99ed6c927960370ad6c90fcdf87b40a766.json
swebench--pytest-dev__pytest-5692,RESOLVED,beedfbd9c9513c98d47b21d4aae4ddaf21856cd98d0d40d5f99c3fe3ea6194e4,episode:9fe15c5f98a19b5edddd850905981d76585873b8868fce232f0ec71a3fd03d6d,suite_metadata,PUBLIC_TEST_OBSERVATION,17,RED,False,False,8,/home/trimem-runner/skhynix-architecture-scale-001/pipeline-v13/learning-240/captures/beedfbd9c9513c98d47b21d4aae4ddaf21856cd98d0d40d5f99c3fe3ea6194e4.json
swebench--pytest-dev__pytest-5692,RESOLVED,79daa0f6f16dc925992166d592fb6db21a8c65a9c522583cd3028b4689011405,episode:f4243dc9f5f4b5638fb3c6cb8c9fc87be6a18b16a1680f582a709a2edcc29cdd,suite_metadata,PUBLIC_TEST_OBSERVATION,20,GREEN,True,False,8,/home/trimem-runner/skhynix-architecture-scale-001/pipeline-v13/learning-240/captures/79daa0f6f16dc925992166d592fb6db21a8c65a9c522583cd3028b4689011405.json
swebench--pytest-dev__pytest-5692,RESOLVED,0534bd40891e4ffc61db12615344a0623f91f8d3d1fc7de56a27a709e432af1c,episode:a92d1203c36d45ee73e3f8dac57393bbb507a7b328e9a5261f67ca2b10b23e92,suite_metadata,COMPLETED_SUBGOAL,25,,False,True,8,/home/trimem-runner/skhynix-architecture-scale-001/pipeline-v13/learning-240/captures/0534bd40891e4ffc61db12615344a0623f91f8d3d1fc7de56a27a709e432af1c.json
swebench--pytest-dev__pytest-5692,RESOLVED,f4d0e8e1a96829efd8bd1b4279bcfc70ea418310adb279ffbc12a13614e02444,episode:bf504340a911319ca6bff20f8da50bc3397e6879ddfea4a93a3e5fa76b5083cb,junit_compatibility,COMPLETED_SUBGOAL,39,,False,True,0,/home/trimem-runner/skhynix-architecture-scale-001/pipeline-v13/learning-240/captures/f4d0e8e1a96829efd8bd1b4279bcfc70ea418310adb279ffbc12a13614e02444.json
swebench--pytest-dev__pytest-6116,UNDETERMINED,8b773dc19dd1c01fbc33201d7ac8c125f361b98b341df6d2f4e81ea2160c6031,episode:1e1253a9de8118bb1ddc75a11f237693632d9e825f9d90773472a7f5c944d4d8,collect-shortcut,PUBLIC_TEST_OBSERVATION,12,RED,False,False,5,/home/trimem-runner/skhynix-architecture-scale-001/pipeline-v13/learning-240/captures/8b773dc19dd1c01fbc33201d7ac8c125f361b98b341df6d2f4e81ea2160c6031.json
swebench--pytest-dev__pytest-6116,UNDETERMINED,65841e86d81267e35f80b462aa788c8fff980e4bbc149a9d6cff632eb773ad7f,episode:8a38629dad4e9edd42d1afad3131312b1e4a3b3b932d23fd20d716ee25ebd67c,collect-shortcut,PUBLIC_TEST_OBSERVATION,14,GREEN,True,False,5,/home/trimem-runner/skhynix-architecture-scale-001/pipeline-v13/learning-240/captures/65841e86d81267e35f80b462aa788c8fff980e4bbc149a9d6cff632eb773ad7f.json
swebench--pytest-dev__pytest-6116,UNDETERMINED,dd78811799c05bd286489e5cbcf3007aa364288ce4a4035a31d8a89979bffcf3,episode:4166d95f095a645c19dc13ae05f66eb393f5d1447da6bec50659419e64a7104e,collect-shortcut,COMPLETED_SUBGOAL,20,,False,True,5,/home/trimem-runner/skhynix-architecture-scale-001/pipeline-v13/learning-240/captures/dd78811799c05bd286489e5cbcf3007aa364288ce4a4035a31d8a89979bffcf3.json
swebench--pytest-dev__pytest-6116,UNDETERMINED,9e0a9b1a7eee261a16a50f85f52bd9b914e4c788f8741293b9761afff190450c,episode:d9e72b509fe3a8bad68425853d298d7516d16547fb4f1b970930672b420ff2fe,shortcut-discovery,PUBLIC_TEST_OBSERVATION,31,RED,False,False,0,/home/trimem-runner/skhynix-architecture-scale-001/pipeline-v13/learning-240/captures/9e0a9b1a7eee261a16a50f85f52bd9b914e4c788f8741293b9761afff190450c.json
swebench--pytest-dev__pytest-6116,UNDETERMINED,f87619f8de38f5800ef82ba0ab29474a74c14196f8293651b7e0dffbb296172e,episode:7c388d8e676d17cff04471a420ed85cdd237a7b708029f0da418140606656a63,shortcut-discovery,COMPLETED_SUBGOAL,39,,False,True,0,/home/trimem-runner/skhynix-architecture-scale-001/pipeline-v13/learning-240/captures/f87619f8de38f5800ef82ba0ab29474a74c14196f8293651b7e0dffbb296172e.json
swebench--pytest-dev__pytest-7481,RESOLVED,dc0a886fd1f080e21f86cbf12a95c52c382d6c426cc0050f5dd70729cc7ac38a,episode:0de07f43d6d06145968a50354734da92396b4044dd79027734fc8f7582b918e7,encoding_fallback,PUBLIC_TEST_OBSERVATION,15,GREEN,True,False,7,/home/trimem-runner/skhynix-architecture-scale-001/pipeline-v13/learning-240/captures/dc0a886fd1f080e21f86cbf12a95c52c382d6c426cc0050f5dd70729cc7ac38a.json
swebench--pytest-dev__pytest-7481,RESOLVED,55fd5bb0387a01c02dacbf8179eb52e79de3905ca4c47bad8899f614b9edade5,episode:063baac0beab1f98d3763aea3bc1fabd11fc05e817cc9d98b6db82f6e8ed37d8,encoding_fallback,COMPLETED_SUBGOAL,21,,False,True,7,/home/trimem-runner/skhynix-architecture-scale-001/pipeline-v13/learning-240/captures/55fd5bb0387a01c02dacbf8179eb52e79de3905ca4c47bad8899f614b9edade5.json
swebench--pytest-dev__pytest-7481,RESOLVED,ba55aabc6134aa1911efc817e9a773d352b88b383915365d2bc9e3c404ee33e7,episode:5141bc15fe3232e23fedcc07766411e47dc7e4d1068c9b7f15304a25bf4ba488,output_invariants,PUBLIC_TEST_OBSERVATION,25,RED,False,False,0,/home/trimem-runner/skhynix-architecture-scale-001/pipeline-v13/learning-240/captures/ba55aabc6134aa1911efc817e9a773d352b88b383915365d2bc9e3c404ee33e7.json
swebench--pytest-dev__pytest-7481,RESOLVED,9d6f836b4cda93e4a76407591ea2a27e0d9fee4eeeb6532619119852368be5af,episode:c5b6060ba6165714801bd6c1a048ebad405b91c5fcafda2bf0851a02744cdee0,output_invariants,COMPLETED_SUBGOAL,33,,False,True,0,/home/trimem-runner/skhynix-architecture-scale-001/pipeline-v13/learning-240/captures/9d6f836b4cda93e4a76407591ea2a27e0d9fee4eeeb6532619119852368be5af.json
swebench--pytest-dev__pytest-8447,UNDETERMINED,4b80ef1811b99ba2b6cb615f765e1f1e929e9f4fce6d794387ee5a4b6d5c07e2,episode:21cb113240cb5a75ab0b0195c27fc07f957c77d2ad1794dbde0f5ff9408de3eb,plugin_constructor_compat,PUBLIC_TEST_OBSERVATION,13,RED,False,False,13,/home/trimem-runner/skhynix-architecture-scale-001/pipeline-v13/learning-240/captures/4b80ef1811b99ba2b6cb615f765e1f1e929e9f4fce6d794387ee5a4b6d5c07e2.json
swebench--pytest-dev__pytest-8447,UNDETERMINED,4475127747262795f3fa4366e518022b3c3f78da0d1413228ac5ab85f4ed4c0c,episode:8e43e15a0890c8c118b507d840e46a3a7437c1d69bdb4efc0d1b0bd3a75f9e1a,plugin_constructor_compat,PUBLIC_TEST_OBSERVATION,20,GREEN,True,False,13,/home/trimem-runner/skhynix-architecture-scale-001/pipeline-v13/learning-240/captures/4475127747262795f3fa4366e518022b3c3f78da0d1413228ac5ab85f4ed4c0c.json
swebench--pytest-dev__pytest-8447,UNDETERMINED,d94a99eb42776c312ced6a3d28a1060ad6204199638fd00ce573845c33f37cf4,episode:50dc6113285c7c9de349e61c9d405abd09db03b755f3cc96e3ec6d0fc116ebf8,plugin_constructor_compat,COMPLETED_SUBGOAL,21,,True,True,13,/home/trimem-runner/skhynix-architecture-scale-001/pipeline-v13/learning-240/captures/d94a99eb42776c312ced6a3d28a1060ad6204199638fd00ce573845c33f37cf4.json
swebench--pytest-dev__pytest-8447,UNDETERMINED,767fdf414853f983367153e0d1163954a80f2156184041b6ace7cef23937b6a5,episode:1e88cce1a89b7febfeef0e6990906b6655cea14472fdb32901bad9a5643a2d71,node_creation_invariants,PUBLIC_TEST_OBSERVATION,27,RED,False,False,0,/home/trimem-runner/skhynix-architecture-scale-001/pipeline-v13/learning-240/captures/767fdf414853f983367153e0d1163954a80f2156184041b6ace7cef23937b6a5.json
swebench--pytest-dev__pytest-8447,UNDETERMINED,996e4f73d6f7b5bd0636ceaa4e162ac5bf17d5bf8ad9d1b8b32cf81faa3b50a9,episode:233132a6a13983ad7d999f6f089c4948e4cf9b8a4bd1a3059c1fc85ab6d20b9e,node_creation_invariants,PUBLIC_TEST_OBSERVATION,32,GREEN,True,False,0,/home/trimem-runner/skhynix-architecture-scale-001/pipeline-v13/learning-240/captures/996e4f73d6f7b5bd0636ceaa4e162ac5bf17d5bf8ad9d1b8b32cf81faa3b50a9.json
swebench--pytest-dev__pytest-8447,UNDETERMINED,2a4694e79db4aeec575fd0cc4427289a2f73da96a0a40f5412f40e2fbff1fb17,episode:d0b58403a57af5f514b003cc73a4fca7fe068fcc5d5511fa55e86110d96a6911,node_creation_invariants,COMPLETED_SUBGOAL,39,,False,True,0,/home/trimem-runner/skhynix-architecture-scale-001/pipeline-v13/learning-240/captures/2a4694e79db4aeec575fd0cc4427289a2f73da96a0a40f5412f40e2fbff1fb17.json
swebench--pytest-dev__pytest-8950,UNDETERMINED,227ed908f83523c4aea6da00aa3b3107dcb79a7eb4bf06c308dcdffa44a6a71d,episode:164f9a14a46ba96338592e495840eafe922d153af4ea5e9d563ebc2b8a30d400,reason-api,COMPLETED_SUBGOAL,14,,False,True,6,/home/trimem-runner/skhynix-architecture-scale-001/pipeline-v13/learning-240/captures/227ed908f83523c4aea6da00aa3b3107dcb79a7eb4bf06c308dcdffa44a6a71d.json
swebench--pytest-dev__pytest-8950,UNDETERMINED,82c02ffb6cd5a0bbc56af6e643ff8399b019c8bf0097066d684e05f27f18310c,episode:94a3ad4bb1249f2df067b543c40abe6488c1ce797a3572a06b5472f8d19675b2,reason-docs,TERMINAL_ACTIVE,17,,False,False,0,/home/trimem-runner/skhynix-architecture-scale-001/pipeline-v13/learning-240/captures/82c02ffb6cd5a0bbc56af6e643ff8399b019c8bf0097066d684e05f27f18310c.json
swebench--pytest-dev__pytest-9911,UNRESOLVED,051404de5f3538561fbe3a2983948c76a32fe8bb62dbb547cc1a54bef29e3f22,episode:47b19f5a6384db4102080cf862f03505884a47964ab0ea2cfe6234f0304ac8c5,empty-exceptions,PUBLIC_TEST_OBSERVATION,18,RED,False,False,5,/home/trimem-runner/skhynix-architecture-scale-001/pipeline-v13/learning-240/captures/051404de5f3538561fbe3a2983948c76a32fe8bb62dbb547cc1a54bef29e3f22.json
swebench--pytest-dev__pytest-9911,UNRESOLVED,4e856d95b524c0eae9367339faad03c94847a1119e0350a5c737be39fda422c2,episode:a7b3810053482ae81564c5abf414b1e1cf5b94b509daf0bb926fc82449905c5f,empty-exceptions,PUBLIC_TEST_OBSERVATION,20,RED,False,False,5,/home/trimem-runner/skhynix-architecture-scale-001/pipeline-v13/learning-240/captures/4e856d95b524c0eae9367339faad03c94847a1119e0350a5c737be39fda422c2.json
swebench--pytest-dev__pytest-9911,UNRESOLVED,c6d439ce1cffdf268bb89923d51f7d83528191ea3eccd6a5a39530a1d97584d2,episode:8a227dfa7ce5b9e549cec92aa48675556605fe68ea80753b380b93c6f83c1665,empty-exceptions,PUBLIC_TEST_OBSERVATION,23,GREEN,True,False,5,/home/trimem-runner/skhynix-architecture-scale-001/pipeline-v13/learning-240/captures/c6d439ce1cffdf268bb89923d51f7d83528191ea3eccd6a5a39530a1d97584d2.json
swebench--pytest-dev__pytest-9911,UNRESOLVED,a3bfde994dc68d20afd57ee72c990bd9a54b93ba485a40a1c9f1a4923ad296b3,episode:947915b1a42dd4d5b8823dfde047919ab5b582fce11326951f6fd6c796bdfb2b,empty-exceptions,PUBLIC_TEST_OBSERVATION,24,GREEN,True,False,5,/home/trimem-runner/skhynix-architecture-scale-001/pipeline-v13/learning-240/captures/a3bfde994dc68d20afd57ee72c990bd9a54b93ba485a40a1c9f1a4923ad296b3.json
swebench--pytest-dev__pytest-9911,UNRESOLVED,cfc1b912124fab31f06b90921ca7f15e04851f973262dc0fd3a361ffdb625e9a,episode:c5d224ae9499691059f43399e517bdbc048d0fd01c3db6801b7a7e05c81e1805,empty-exceptions,COMPLETED_SUBGOAL,25,,True,True,5,/home/trimem-runner/skhynix-architecture-scale-001/pipeline-v13/learning-240/captures/cfc1b912124fab31f06b90921ca7f15e04851f973262dc0fd3a361ffdb625e9a.json
swebench--pytest-dev__pytest-9911,UNRESOLVED,ef1f56af80c52d5f9b06ca93fb6ab65b168b561232bf030ff93fddde2975b87a,episode:4dcb3f06240a4506c9beffcc5b01dea8077c66d48e843216a947acf4c0c72621,empty-warnings,PUBLIC_TEST_OBSERVATION,38,GREEN,True,False,0,/home/trimem-runner/skhynix-architecture-scale-001/pipeline-v13/learning-240/captures/ef1f56af80c52d5f9b06ca93fb6ab65b168b561232bf030ff93fddde2975b87a.json
swebench--pytest-dev__pytest-9911,UNRESOLVED,62d3fba9d531c33f98e559a955d52c44c0190d87a8697305aedf400ae63a9d57,episode:0e1225d72d0f39b7aa8aa2c07944c7abb3d9a4470ef4e852de96677da4ec996a,empty-warnings,COMPLETED_SUBGOAL,44,,False,True,0,/home/trimem-runner/skhynix-architecture-scale-001/pipeline-v13/learning-240/captures/62d3fba9d531c33f98e559a955d52c44c0190d87a8697305aedf400ae63a9d57.json
swebench--scikit-learn__scikit-learn-12258,RESOLVED,30752ac39ba6871cdba471b6c3d56fb1b459059f6d00e2474597b0092c59c827,episode:35124fd6083915201261e8522790d11b02938dc1c647485c8a9f4a01fdf80b3c,diagonal_validation,PUBLIC_TEST_OBSERVATION,12,RED,False,False,10,/home/trimem-runner/skhynix-architecture-scale-001/pipeline-v13/learning-240/captures/30752ac39ba6871cdba471b6c3d56fb1b459059f6d00e2474597b0092c59c827.json
swebench--scikit-learn__scikit-learn-12258,RESOLVED,a593a1d26af174dc7c840d4875c35d9852d2e3f1af7a7b407f1c501c32c82567,episode:a43915f2eaffc89ab54085b83768480290e0e6cf2a6fc27b2e07855a2f37f697,diagonal_validation,PUBLIC_TEST_OBSERVATION,14,GREEN,True,False,10,/home/trimem-runner/skhynix-architecture-scale-001/pipeline-v13/learning-240/captures/a593a1d26af174dc7c840d4875c35d9852d2e3f1af7a7b407f1c501c32c82567.json
swebench--scikit-learn__scikit-learn-12258,RESOLVED,bf592d9dae468c076a76fcbd5c94e9ef959a719391836dd732ad671f0ed3bdb7,episode:f7fd7f0eab7b85f5f1faa785572b715c949b722d704c3d92ad3b26f28ded1651,diagonal_validation,COMPLETED_SUBGOAL,17,,False,True,10,/home/trimem-runner/skhynix-architecture-scale-001/pipeline-v13/learning-240/captures/bf592d9dae468c076a76fcbd5c94e9ef959a719391836dd732ad671f0ed3bdb7.json
swebench--scikit-learn__scikit-learn-12258,RESOLVED,80ad2ae9ab69ba0318141fa015b446604a25819a59b521de86bff9db5589627d,episode:6a5f851bea45de21bb12f730ff707f8a9935cfd163a8edd860b06dd8d26da05b,silhouette_compatibility,PUBLIC_TEST_OBSERVATION,25,GREEN,True,False,0,/home/trimem-runner/skhynix-architecture-scale-001/pipeline-v13/learning-240/captures/80ad2ae9ab69ba0318141fa015b446604a25819a59b521de86bff9db5589627d.json
swebench--scikit-learn__scikit-learn-12258,RESOLVED,176931c954502818496dbeb8e7dae0027c16b8ea4bce00ef25b33371581ced80,episode:71fffec1fbf92cf44dbd5771b6a4d92b33cb6b4944f4b351a70ad4a58c43c481,silhouette_compatibility,COMPLETED_SUBGOAL,29,,False,True,0,/home/trimem-runner/skhynix-architecture-scale-001/pipeline-v13/learning-240/captures/176931c954502818496dbeb8e7dae0027c16b8ea4bce00ef25b33371581ced80.json
swebench--scikit-learn__scikit-learn-12733,UNRESOLVED,8578ef77caf7f6277b794b5a6959eb6cf61377d12c9e0390ec267ba4c5d0cd56,episode:8ff5ba323787d52bbae43409b9208d4dc405cfef91c1f384be0637dc6540ce11,validate_sizes,PUBLIC_TEST_OBSERVATION,17,GREEN,True,False,10,/home/trimem-runner/skhynix-architecture-scale-001/pipeline-v13/learning-240/captures/8578ef77caf7f6277b794b5a6959eb6cf61377d12c9e0390ec267ba4c5d0cd56.json
swebench--scikit-learn__scikit-learn-12733,UNRESOLVED,19c1b20c0ddc4dfc5239b35e94b928e3ba108df60d630bb2f35dbdd50612a40d,episode:bf260f3afc8a74e51dfe7c50c0e34c93974553b8722932408a20a0ab49e0b2f3,validate_sizes,COMPLETED_SUBGOAL,22,,False,True,10,/home/trimem-runner/skhynix-architecture-scale-001/pipeline-v13/learning-240/captures/19c1b20c0ddc4dfc5239b35e94b928e3ba108df60d630bb2f35dbdd50612a40d.json
swebench--scikit-learn__scikit-learn-12733,UNRESOLVED,4b7023f5ec46ef6f297d709863bb774f63dd021d5d70828778a9ef476c7df2a7,episode:5dda856fc62d2d19efd3ae4c613b43b2a2ae7cf6dd0134b8913ef14178d34dd1,preserve_splits,PUBLIC_TEST_OBSERVATION,25,RED,False,False,0,/home/trimem-runner/skhynix-architecture-scale-001/pipeline-v13/learning-240/captures/4b7023f5ec46ef6f297d709863bb774f63dd021d5d70828778a9ef476c7df2a7.json
swebench--scikit-learn__scikit-learn-12733,UNRESOLVED,094ac692fd4a1a914afdb55a2a0d2e4e9c39392185c69644f35bee34e242b219,episode:a9e255a3cec5f3096cb7a6bbf2fda95d1ea3bae1bd3368f2ca4b2350de900855,preserve_splits,PUBLIC_TEST_OBSERVATION,32,GREEN,True,False,0,/home/trimem-runner/skhynix-architecture-scale-001/pipeline-v13/learning-240/captures/094ac692fd4a1a914afdb55a2a0d2e4e9c39392185c69644f35bee34e242b219.json
swebench--scikit-learn__scikit-learn-12733,UNRESOLVED,6ec26516a1f9e427cf3883a8fc8598f88b81164a9a094bc8106a2128e3afb512,episode:e7ca1b18db4cd2fec05a9c7f6cef26276a1725b750aea1ed6617255adf5573b8,preserve_splits,COMPLETED_SUBGOAL,39,,False,True,0,/home/trimem-runner/skhynix-architecture-scale-001/pipeline-v13/learning-240/captures/6ec26516a1f9e427cf3883a8fc8598f88b81164a9a094bc8106a2128e3afb512.json
swebench--scikit-learn__scikit-learn-13165,UNRESOLVED,0ac7cff7796cca946ed024dd4037af0b180dd45bc7e4244435c0efe8c6669b73,episode:8426dbe434f7129df2bbfa929fa8e95eeffe89d2d2834a34894a9ce363dc0b01,quantile-monotonicity,PUBLIC_TEST_OBSERVATION,12,GREEN,True,False,9,/home/trimem-runner/skhynix-architecture-scale-001/pipeline-v13/learning-240/captures/0ac7cff7796cca946ed024dd4037af0b180dd45bc7e4244435c0efe8c6669b73.json
swebench--scikit-learn__scikit-learn-13165,UNRESOLVED,b6c4da9b7b2fab6d2103c0704713594c4e2b9f3c7928a7b570cf0b3c12f6fc2e,episode:0b9a1f89b5ec083e1848f3ae2418081cfd2579ed381954e76cf36a536cf7cf10,quantile-monotonicity,COMPLETED_SUBGOAL,13,,True,True,9,/home/trimem-runner/skhynix-architecture-scale-001/pipeline-v13/learning-240/captures/b6c4da9b7b2fab6d2103c0704713594c4e2b9f3c7928a7b570cf0b3c12f6fc2e.json
swebench--scikit-learn__scikit-learn-13165,UNRESOLVED,371d785fe0b3d7f00d941a6af2828a1506ce83feeb274b161183409ebe814c76,episode:c458bbf2c25809c1e1d1f95d9cf2103cbd0a4ef07c70652de3fa8869df75c745,discretizer-compatibility,PUBLIC_TEST_OBSERVATION,18,GREEN,True,False,0,/home/trimem-runner/skhynix-architecture-scale-001/pipeline-v13/learning-240/captures/371d785fe0b3d7f00d941a6af2828a1506ce83feeb274b161183409ebe814c76.json
swebench--scikit-learn__scikit-learn-13165,UNRESOLVED,5a15a562787b3b0e500ef54fd123dd3f0ae2b23cf4b3a1c33ea2a7060e22ba7b,episode:3ce856f72bbd1e9c35451ff5f416de954d2850b9b9c1f1dd6972388fbea5bebe,discretizer-compatibility,COMPLETED_SUBGOAL,26,,False,True,0,/home/trimem-runner/skhynix-architecture-scale-001/pipeline-v13/learning-240/captures/5a15a562787b3b0e500ef54fd123dd3f0ae2b23cf4b3a1c33ea2a7060e22ba7b.json
swebench--scikit-learn__scikit-learn-13549,RESOLVED,4ae66bfb170ccc185766c77a0d02e0e47a2792a7eb674cecfd4e458e18456259,episode:812dd127ebe8c5893ddafe73b785e26679e3ccc8db30bd5fdaec79bc170557c6,stratified_resample,PUBLIC_TEST_OBSERVATION,23,GREEN,True,False,13,/home/trimem-runner/skhynix-architecture-scale-001/pipeline-v13/learning-240/captures/4ae66bfb170ccc185766c77a0d02e0e47a2792a7eb674cecfd4e458e18456259.json
swebench--scikit-learn__scikit-learn-13549,RESOLVED,530c2ed9841aec543da8a0094f2b9d8a6f0452e9d4b5aec60bcf9fa707901ebb,episode:b3cc19dc22b961537793505826d53a37999fe354dc696e692b4ee29b9d33d09d,stratified_resample,PUBLIC_TEST_OBSERVATION,24,GREEN,True,False,13,/home/trimem-runner/skhynix-architecture-scale-001/pipeline-v13/learning-240/captures/530c2ed9841aec543da8a0094f2b9d8a6f0452e9d4b5aec60bcf9fa707901ebb.json
swebench--scikit-learn__scikit-learn-13549,RESOLVED,c5825d0f64cb05d5b6bd0aa86e5027a661df4e795a634cdf695dfed6928542b2,episode:0ec6427d261d587dcbad7691101acd8f99456df8b3673734e965c5baa37e59d1,stratified_resample,COMPLETED_SUBGOAL,28,,True,True,13,/home/trimem-runner/skhynix-architecture-scale-001/pipeline-v13/learning-240/captures/c5825d0f64cb05d5b6bd0aa86e5027a661df4e795a634cdf695dfed6928542b2.json
swebench--scikit-learn__scikit-learn-13549,RESOLVED,ee678536750cd8b4cdc96e0f18776504850ac65154251fdec09062914ec32d78,episode:4d86ab2529063796ddab2c7d28eeacabcd4966995826e1aa576023d5855b980e,compatibility,PUBLIC_TEST_OBSERVATION,37,GREEN,True,False,0,/home/trimem-runner/skhynix-architecture-scale-001/pipeline-v13/learning-240/captures/ee678536750cd8b4cdc96e0f18776504850ac65154251fdec09062914ec32d78.json
swebench--scikit-learn__scikit-learn-13549,RESOLVED,9fd0341cc0f4f2209c9e7eb634d4b0e40f1fe259a807edb6772d0881ac8ee2c1,episode:784ca1d8eef28173bdd95a7b8baa2886b9ae9a0b853f18d9e96bdba08ee1729c,compatibility,COMPLETED_SUBGOAL,43,,False,True,0,/home/trimem-runner/skhynix-architecture-scale-001/pipeline-v13/learning-240/captures/9fd0341cc0f4f2209c9e7eb634d4b0e40f1fe259a807edb6772d0881ac8ee2c1.json
swebench--scikit-learn__scikit-learn-14309,RESOLVED,6c698817ec5a8e6cc80c0cea4ae779eb25a844b35251bbd8bd93d2bcb2fc29a1,episode:63937a39c299487e5f7f6f844a5af07ee7ef978652be500f942ee80091b31f68,regressor_support,PUBLIC_TEST_OBSERVATION,17,GREEN,True,False,7,/home/trimem-runner/skhynix-architecture-scale-001/pipeline-v13/learning-240/captures/6c698817ec5a8e6cc80c0cea4ae779eb25a844b35251bbd8bd93d2bcb2fc29a1.json
swebench--scikit-learn__scikit-learn-14309,RESOLVED,6d7a4789188c1baa6464d382cb2a1c4fb7339743677549f25c7792aec271a987,episode:0e94ae40ff0fed0f2cffb54811225c59ff2217183f8809fe1eb131db0d14e701,regressor_support,COMPLETED_SUBGOAL,18,,True,True,7,/home/trimem-runner/skhynix-architecture-scale-001/pipeline-v13/learning-240/captures/6d7a4789188c1baa6464d382cb2a1c4fb7339743677549f25c7792aec271a987.json
swebench--scikit-learn__scikit-learn-14309,RESOLVED,75f58ac9299008269e1c63cd7a018da3d8ae207e21a9d97c9b78891a45b8ca53,episode:3df8835211d63824d98513d84bcd16e28328481bb59cbeb4e32acfe94723bf51,classifier_invariants,COMPLETED_SUBGOAL,35,,False,True,0,/home/trimem-runner/skhynix-architecture-scale-001/pipeline-v13/learning-240/captures/75f58ac9299008269e1c63cd7a018da3d8ae207e21a9d97c9b78891a45b8ca53.json
swebench--scikit-learn__scikit-learn-15138,RESOLVED,664c83746ff9f9f25154075aa85b701edee86e4d02b75d9ce0414daee7b7a29b,episode:33ab3a93b9dbc6eeaba9c187200b091bb6cdd5d29d390cbb5c6d0d6ebcb3088f,stacking_passthrough,PUBLIC_TEST_OBSERVATION,20,GREEN,True,False,15,/home/trimem-runner/skhynix-architecture-scale-001/pipeline-v13/learning-240/captures/664c83746ff9f9f25154075aa85b701edee86e4d02b75d9ce0414daee7b7a29b.json
swebench--scikit-learn__scikit-learn-15138,RESOLVED,6472138eadc66ff405d1fb9cc172baee80ca864d98855b6c5401d40d2362354e,episode:0c356c2a5673d5f40d80251c5cafe4c60c29b0ffced2e4280eb228d0b07d758f,stacking_passthrough,PUBLIC_TEST_OBSERVATION,21,GREEN,True,False,15,/home/trimem-runner/skhynix-architecture-scale-001/pipeline-v13/learning-240/captures/6472138eadc66ff405d1fb9cc172baee80ca864d98855b6c5401d40d2362354e.json
swebench--scikit-learn__scikit-learn-15138,RESOLVED,00e301e0231a4fd2026d076af3f2efbedb50b05af590384d864dd71c493689a1,episode:6c981f78fba493e93a69c1008c8ec38f6cdeaf98dff72fe8c4c85b23d306b04e,stacking_passthrough,COMPLETED_SUBGOAL,22,,True,True,15,/home/trimem-runner/skhynix-architecture-scale-001/pipeline-v13/learning-240/captures/00e301e0231a4fd2026d076af3f2efbedb50b05af590384d864dd71c493689a1.json
swebench--scikit-learn__scikit-learn-15138,RESOLVED,865570bebc2cb635aaab82ce1752672209072bffa89c7f49f1d8eaf0b06a9393,episode:29915d5cdb6d79cbfec4d9a47716b32fc27e99fc2f3feb883d9e19ca411a2dc9,passthrough_compatibility,PUBLIC_TEST_OBSERVATION,39,GREEN,True,False,0,/home/trimem-runner/skhynix-architecture-scale-001/pipeline-v13/learning-240/captures/865570bebc2cb635aaab82ce1752672209072bffa89c7f49f1d8eaf0b06a9393.json
swebench--scikit-learn__scikit-learn-15138,RESOLVED,e63916b270f4bcabbe94a7cb8e0269694199d9285e7a5dc2602e8d561827956d,episode:4c004d692ebb304e2e13650057daa8276fbd41ad84ca518cf3edaaa6e941db5c,passthrough_compatibility,COMPLETED_SUBGOAL,44,,False,True,0,/home/trimem-runner/skhynix-architecture-scale-001/pipeline-v13/learning-240/captures/e63916b270f4bcabbe94a7cb8e0269694199d9285e7a5dc2602e8d561827956d.json
swebench--scikit-learn__scikit-learn-25370,RESOLVED,494fe8368adb3db7cfb934d6b5d2fbe591fc89b732e0fa689e96a7e4d6ae64a0,episode:02f9c480e6334b97ddbc4105ba80dc5b7a7e539454ac54b55c2c67b940fa5573,pca-array,COMPLETED_SUBGOAL,23,,False,True,5,/home/trimem-runner/skhynix-architecture-scale-001/pipeline-v13/learning-240/captures/494fe8368adb3db7cfb934d6b5d2fbe591fc89b732e0fa689e96a7e4d6ae64a0.json
swebench--scikit-learn__scikit-learn-25370,RESOLVED,92252206060fc6ff7f88f343f492ba3dde1a6e72ea57bed2416dd3c9f81b9294,episode:3373429b9ebea1e8a1083967e1c3dc09331be6780ecbf461e9cde75bfb1f98ed,output-contract,COMPLETED_SUBGOAL,33,,False,True,0,/home/trimem-runner/skhynix-architecture-scale-001/pipeline-v13/learning-240/captures/92252206060fc6ff7f88f343f492ba3dde1a6e72ea57bed2416dd3c9f81b9294.json
swebench--scikit-learn__scikit-learn-25570,RESOLVED,4a27eb9d9a210dd7ff97e54d40b0dae106f5e63cda308abbbe10c8bb1826ac79,episode:3efe862b9c2115fbb5e63a39b79e5038d844e04de979e623ff175ded5ec07003,empty-columns,COMPLETED_SUBGOAL,18,,False,True,13,/home/trimem-runner/skhynix-architecture-scale-001/pipeline-v13/learning-240/captures/4a27eb9d9a210dd7ff97e54d40b0dae106f5e63cda308abbbe10c8bb1826ac79.json
swebench--scikit-learn__scikit-learn-25570,RESOLVED,855a79adbace5fcc8724b6b9f06e043edd67612fc0954f9e6ef9551234825993,episode:e9ba55aee287b8c86137c7bd0365fc9df2f4ac3e19a9169ab046cf03cc718fa3,output-invariants,PUBLIC_TEST_OBSERVATION,25,GREEN,True,False,0,/home/trimem-runner/skhynix-architecture-scale-001/pipeline-v13/learning-240/captures/855a79adbace5fcc8724b6b9f06e043edd67612fc0954f9e6ef9551234825993.json
swebench--scikit-learn__scikit-learn-25570,RESOLVED,684bdb8f7a0a49482c5873217c96efe0eb44037c69b951abf914e3857ed1f018,episode:5c9e4c4808ff5d347a680d3a3cf264140b56b2a79bfc9a328a5f7e51304c22f5,output-invariants,COMPLETED_SUBGOAL,31,,False,True,0,/home/trimem-runner/skhynix-architecture-scale-001/pipeline-v13/learning-240/captures/684bdb8f7a0a49482c5873217c96efe0eb44037c69b951abf914e3857ed1f018.json
swebench--scikit-learn__scikit-learn-3840,RESOLVED,dd71373617ac111e4cf6a2aec515469f8862cb6ff87a62a47f0ebd8438c60cf2,episode:ab869969a1356900fbcd497c7ef6fb93d6dd2a97832966ebaf82b4ad31f780b8,partial_auc,PUBLIC_TEST_OBSERVATION,12,GREEN,True,False,7,/home/trimem-runner/skhynix-architecture-scale-001/pipeline-v13/learning-240/captures/dd71373617ac111e4cf6a2aec515469f8862cb6ff87a62a47f0ebd8438c60cf2.json
swebench--scikit-learn__scikit-learn-3840,RESOLVED,52865867150b65e0754458331e9eaf77efd3d95325d8678db8ae84abfe112d3b,episode:42886414298f4c64433bae19438261215e2230e086d466d9325a6d01d10d88a0,partial_auc,COMPLETED_SUBGOAL,14,,False,True,7,/home/trimem-runner/skhynix-architecture-scale-001/pipeline-v13/learning-240/captures/52865867150b65e0754458331e9eaf77efd3d95325d8678db8ae84abfe112d3b.json
swebench--scikit-learn__scikit-learn-3840,RESOLVED,d8b5c4e6b6039a5c184879f79b94946df110f6f3329d383df99504f0230ffda1,episode:08538178e92c9e3d142e77dc13172fa2573796dcc966f1440649adc8566f5882,auc_compatibility,COMPLETED_SUBGOAL,37,,False,True,0,/home/trimem-runner/skhynix-architecture-scale-001/pipeline-v13/learning-240/captures/d8b5c4e6b6039a5c184879f79b94946df110f6f3329d383df99504f0230ffda1.json
swebench--scikit-learn__scikit-learn-7760,UNRESOLVED,aede61f305b6bbcdfcf56ea0b40a68bd4ad02fec83f2beba3085550827b1059f,episode:ad807a2550557d107ad025b309e59158d0f3d39ccf36ea456ec9fc89d14397d2,constructor-parameters,PUBLIC_TEST_OBSERVATION,15,RED,False,False,21,/home/trimem-runner/skhynix-architecture-scale-001/pipeline-v13/learning-240/captures/aede61f305b6bbcdfcf56ea0b40a68bd4ad02fec83f2beba3085550827b1059f.json
swebench--scikit-learn__scikit-learn-7760,UNRESOLVED,2f1b495955136121b80f99f450c87e2c56dd9680edfa7367385e67d3b297942a,episode:cc0615dfc09ce7d4dcccba5440a7ad3e7e92da9b83b684b0e320b50948c6f68a,constructor-parameters,PUBLIC_TEST_OBSERVATION,17,GREEN,True,False,21,/home/trimem-runner/skhynix-architecture-scale-001/pipeline-v13/learning-240/captures/2f1b495955136121b80f99f450c87e2c56dd9680edfa7367385e67d3b297942a.json
swebench--scikit-learn__scikit-learn-7760,UNRESOLVED,667f880579ee8f680bf35ca0090870784a98e5e1dbdbcb964d433eb0ea3b663f,episode:fcfd3f2afc3cd9c9edd650dc0e2a01f0795fe8600db5a327db796ea80b2a2134,constructor-parameters,COMPLETED_SUBGOAL,18,,True,True,21,/home/trimem-runner/skhynix-architecture-scale-001/pipeline-v13/learning-240/captures/667f880579ee8f680bf35ca0090870784a98e5e1dbdbcb964d433eb0ea3b663f.json
swebench--scikit-learn__scikit-learn-7760,UNRESOLVED,77648ff607b14018709f42d9a1e4914cd3518a081d568f21bf25cf5b630d5e31,episode:eba64c18f455f3768d75d21cbe13a082adc80e23e768de5ccf4c801a33dc53ea,valid-estimator-compatibility,PUBLIC_TEST_OBSERVATION,21,GREEN,True,False,0,/home/trimem-runner/skhynix-architecture-scale-001/pipeline-v13/learning-240/captures/77648ff607b14018709f42d9a1e4914cd3518a081d568f21bf25cf5b630d5e31.json
swebench--scikit-learn__scikit-learn-7760,UNRESOLVED,1078d465c88f12017811523e6292b7e454bd4bcf9873b79f3860aea0f764d376,episode:6b837269eb9d32460815b53690fcddf8e8db776fc1f3c81b69dc2121a06769cd,valid-estimator-compatibility,PUBLIC_TEST_OBSERVATION,25,GREEN,True,False,0,/home/trimem-runner/skhynix-architecture-scale-001/pipeline-v13/learning-240/captures/1078d465c88f12017811523e6292b7e454bd4bcf9873b79f3860aea0f764d376.json
swebench--scikit-learn__scikit-learn-7760,UNRESOLVED,538a4f75a2befa9a6747eb514994de4aeb194c2ff39a99b95f37a61c7a155628,episode:9967b362ef990c6e90bb6c48dcfd32824239981e4dab23155104ecad055da987,valid-estimator-compatibility,COMPLETED_SUBGOAL,32,,False,True,0,/home/trimem-runner/skhynix-architecture-scale-001/pipeline-v13/learning-240/captures/538a4f75a2befa9a6747eb514994de4aeb194c2ff39a99b95f37a61c7a155628.json
swebench--scikit-learn__scikit-learn-9274,UNRESOLVED,02eb0f82c20fdd2b01f3f65bce97b9a6cabc50b3b154b3906264dc5c7b135c6f,episode:bed47b57722eb70f6fbc8337bfae6eb2f19ec57b4a1bcdd58cd8c6617eccada7,lbfgs_iteration_limit,PUBLIC_TEST_OBSERVATION,12,RED,False,False,6,/home/trimem-runner/skhynix-architecture-scale-001/pipeline-v13/learning-240/captures/02eb0f82c20fdd2b01f3f65bce97b9a6cabc50b3b154b3906264dc5c7b135c6f.json
swebench--scikit-learn__scikit-learn-9274,UNRESOLVED,af758a1a498ff3c98ffdb1605200a568869f8da1c9c818c43103eab43f030a4e,episode:ddcfc5cc88247efe46c779181f2e31af06ee60861f15b8cdf6e8e3de2d61c6fe,lbfgs_iteration_limit,PUBLIC_TEST_OBSERVATION,14,GREEN,True,False,6,/home/trimem-runner/skhynix-architecture-scale-001/pipeline-v13/learning-240/captures/af758a1a498ff3c98ffdb1605200a568869f8da1c9c818c43103eab43f030a4e.json
swebench--scikit-learn__scikit-learn-9274,UNRESOLVED,edb03896b55339b9fa265fb07e0e2a4f08377357bda3ac6951fa4901d0426245,episode:b92bc9af9e1271c7c638d2bc0192b74ffcd71185cc39cd25926c0d38b5c2769d,lbfgs_iteration_limit,COMPLETED_SUBGOAL,15,,True,True,6,/home/trimem-runner/skhynix-architecture-scale-001/pipeline-v13/learning-240/captures/edb03896b55339b9fa265fb07e0e2a4f08377357bda3ac6951fa4901d0426245.json
swebench--scikit-learn__scikit-learn-9274,UNRESOLVED,5965f898d42b23bca9912dde084c0776de89a04754f47c65301ce0e8f81edceb,episode:139ce24383a284f35613c8fe6c12bc7de2cf1931c6931f5213f3f79b39397038,lbfgs_compatibility,PUBLIC_TEST_OBSERVATION,20,GREEN,True,False,0,/home/trimem-runner/skhynix-architecture-scale-001/pipeline-v13/learning-240/captures/5965f898d42b23bca9912dde084c0776de89a04754f47c65301ce0e8f81edceb.json
swebench--scikit-learn__scikit-learn-9274,UNRESOLVED,81c58f3716ea8138f24cae6f396f55ad5a616c0a192d6d75c048d476057bdcb9,episode:83a869204226e3d88ed1f3cfec776c74b314abd7212e61b6a7a4fb2b2c154d91,lbfgs_compatibility,COMPLETED_SUBGOAL,33,,False,True,0,/home/trimem-runner/skhynix-architecture-scale-001/pipeline-v13/learning-240/captures/81c58f3716ea8138f24cae6f396f55ad5a616c0a192d6d75c048d476057bdcb9.json
swebench--sphinx-doc__sphinx-10097,UNRESOLVED,c4f52462e60fc924864559e265b5bf44e52a5c4d5843103899c86af2bcfbc7e0,episode:6fc47282aba4e11bebf32b3a38c7df304fffb7b50cb7c90c692d24d7b90a76d5,option-index-wrap,PUBLIC_TEST_OBSERVATION,22,RED,False,False,4,/home/trimem-runner/skhynix-architecture-scale-001/pipeline-v13/learning-240/captures/c4f52462e60fc924864559e265b5bf44e52a5c4d5843103899c86af2bcfbc7e0.json
swebench--sphinx-doc__sphinx-10097,UNRESOLVED,7c0d3f113a31d645a3939a74a28c40a98c0ad2f8bb325a76e866e70d055c797d,episode:6994eaff67cb93c1c2bc53b1037e4aba2d9b65b1847e80075343f54c4a27aabc,option-index-wrap,PUBLIC_TEST_OBSERVATION,24,RED,False,False,4,/home/trimem-runner/skhynix-architecture-scale-001/pipeline-v13/learning-240/captures/7c0d3f113a31d645a3939a74a28c40a98c0ad2f8bb325a76e866e70d055c797d.json
swebench--sphinx-doc__sphinx-10097,UNRESOLVED,2fda2276ce136f89e8e78b2e6d20f82923b385bb8e778c583ca610e3f1e4a321,episode:3198411f96b6b7643bbad794077cb1fb29e12e73b2a924e848f193f3e9c58692,option-index-wrap,PUBLIC_TEST_OBSERVATION,29,RED,False,False,4,/home/trimem-runner/skhynix-architecture-scale-001/pipeline-v13/learning-240/captures/2fda2276ce136f89e8e78b2e6d20f82923b385bb8e778c583ca610e3f1e4a321.json
swebench--sphinx-doc__sphinx-10097,UNRESOLVED,b893abfc58f49dd02931b921f88cc65fb19fb26d752a48ef93c7377eba7b51e0,episode:04d796f4c7fa85f31ac920a2574508bd54c589215b74e08814bd13d23f4d794f,option-index-wrap,PUBLIC_TEST_OBSERVATION,31,GREEN,True,False,4,/home/trimem-runner/skhynix-architecture-scale-001/pipeline-v13/learning-240/captures/b893abfc58f49dd02931b921f88cc65fb19fb26d752a48ef93c7377eba7b51e0.json
swebench--sphinx-doc__sphinx-10097,UNRESOLVED,829345da4d07403357933aa9d6f914d187684faaf02af9faf11c863f0d79b4de,episode:8af53f93e76e1ae381ee64b2d92ed8b7925eac0120999d6cbc8e3dddfc43d559,option-index-wrap,COMPLETED_SUBGOAL,33,,False,True,4,/home/trimem-runner/skhynix-architecture-scale-001/pipeline-v13/learning-240/captures/829345da4d07403357933aa9d6f914d187684faaf02af9faf11c863f0d79b4de.json
swebench--sphinx-doc__sphinx-10097,UNRESOLVED,190c175257f525072378db17d523ccf89cde72eb3f1da98c869977c3e416df5d,episode:f4e1a3211c736e60ae61349f4e333811dcd01f57491f5a557e5a92e4a60eb953,latex-compatibility,PUBLIC_TEST_OBSERVATION,37,RED,False,False,0,/home/trimem-runner/skhynix-architecture-scale-001/pipeline-v13/learning-240/captures/190c175257f525072378db17d523ccf89cde72eb3f1da98c869977c3e416df5d.json
swebench--sphinx-doc__sphinx-10097,UNRESOLVED,6d7cc97ac63deb9732dff52addec82083ed2ab90096987b4865ed28850a7682e,episode:5736670b245b5950ce423789c83ddbfdec806178b84a506c9e52afc6cdc8c7f0,latex-compatibility,PUBLIC_TEST_OBSERVATION,41,RED,False,False,0,/home/trimem-runner/skhynix-architecture-scale-001/pipeline-v13/learning-240/captures/6d7cc97ac63deb9732dff52addec82083ed2ab90096987b4865ed28850a7682e.json
swebench--sphinx-doc__sphinx-10097,UNRESOLVED,76ff2301bc4523857a2bbd98c68afa401bc8494ddd3e70f1485ffdaca4226918,episode:a928968375d6267c6da47a310bea2b097ca89cf844539aacecdfb1ec270e65ff,latex-compatibility,COMPLETED_SUBGOAL,47,,False,True,0,/home/trimem-runner/skhynix-architecture-scale-001/pipeline-v13/learning-240/captures/76ff2301bc4523857a2bbd98c68afa401bc8494ddd3e70f1485ffdaca4226918.json
swebench--sphinx-doc__sphinx-10360,UNRESOLVED,d4cd516ec39c9bcf29df9f2bb1d1418df570821798eabd759e20a75d5e1b9c38,episode:6cdecac65028da3f0f88c43294e7e9525d4f81156d36bbaa2b42993672c3665f,c_enum_attributes,PUBLIC_TEST_OBSERVATION,23,GREEN,True,False,9,/home/trimem-runner/skhynix-architecture-scale-001/pipeline-v13/learning-240/captures/d4cd516ec39c9bcf29df9f2bb1d1418df570821798eabd759e20a75d5e1b9c38.json
swebench--sphinx-doc__sphinx-10360,UNRESOLVED,7f460ddb0c48cd6d9387926ff987e812cb9859b09270fa83e6876837d808abfb,episode:9ffad7addfc68435672fe6a31e636ce252d7a6489e27b6bc78df679ebe734bce,c_enum_attributes,PUBLIC_TEST_OBSERVATION,24,GREEN,True,False,9,/home/trimem-runner/skhynix-architecture-scale-001/pipeline-v13/learning-240/captures/7f460ddb0c48cd6d9387926ff987e812cb9859b09270fa83e6876837d808abfb.json
swebench--sphinx-doc__sphinx-10360,UNRESOLVED,4b1fcd5ee55d9800723e17957a5f64aca417646567e1f32ccf0a329484d6a26d,episode:fd1d87bbe8618feacf7002f7249cf52fcb73244a1b8f00eac1e3fa22e5662de2,c_enum_attributes,COMPLETED_SUBGOAL,29,,False,True,9,/home/trimem-runner/skhynix-architecture-scale-001/pipeline-v13/learning-240/captures/4b1fcd5ee55d9800723e17957a5f64aca417646567e1f32ccf0a329484d6a26d.json
swebench--sphinx-doc__sphinx-10360,UNRESOLVED,d80b0b7cb90727b7e19e17314a4ae750bb30b966545cd06b1f5955fb3d84fa75,episode:0d4d68231abc2b9ac23b0cb7761a783be6cfb56d17d50e721ecbb1300a7ceb45,cpp_enum_attributes,PUBLIC_TEST_OBSERVATION,39,GREEN,True,False,0,/home/trimem-runner/skhynix-architecture-scale-001/pipeline-v13/learning-240/captures/d80b0b7cb90727b7e19e17314a4ae750bb30b966545cd06b1f5955fb3d84fa75.json
swebench--sphinx-doc__sphinx-10360,UNRESOLVED,9f4966496e176b6b7d1d7c28973ce2318d6fe59c984257efa3d1b6c66afb1cd8,episode:5ef7bb657e7cdb4c59a194865822a37daa056ce72965c078d9b49c2364df4019,cpp_enum_attributes,PUBLIC_TEST_OBSERVATION,40,GREEN,True,False,0,/home/trimem-runner/skhynix-architecture-scale-001/pipeline-v13/learning-240/captures/9f4966496e176b6b7d1d7c28973ce2318d6fe59c984257efa3d1b6c66afb1cd8.json
swebench--sphinx-doc__sphinx-10360,UNRESOLVED,42d40d8c6c1072f596dfb3d155a4d8495d9905cd95ed5116ebb66e8a59d9395d,episode:e37ef319d85cfd84779a279277c307de038a96db1b960aed92ecee3e552730cb,cpp_enum_attributes,COMPLETED_SUBGOAL,44,,True,True,0,/home/trimem-runner/skhynix-architecture-scale-001/pipeline-v13/learning-240/captures/42d40d8c6c1072f596dfb3d155a4d8495d9905cd95ed5116ebb66e8a59d9395d.json
swebench--sphinx-doc__sphinx-7234,UNDETERMINED,17b94b1cd17bac4ba169e6313527c43432b8950190c3acacf85e6b59a48eac4c,episode:eaf33ea2921ee29049040a026ee6af46fcecda147bbd06d8f6832803c4d54a3c,dispatch-overloads,PUBLIC_TEST_OBSERVATION,23,RED,False,False,24,/home/trimem-runner/skhynix-architecture-scale-001/pipeline-v13/learning-240/captures/17b94b1cd17bac4ba169e6313527c43432b8950190c3acacf85e6b59a48eac4c.json
swebench--sphinx-doc__sphinx-7234,UNDETERMINED,8f62b78a296f5a97e7d351f7735e428dc86883ae3211d79f2e9ecc0f7e6ef81d,episode:74e7c627cbef20f7e5669c40f9da0be080d595785168ef22357f34a694762509,dispatch-overloads,PUBLIC_TEST_OBSERVATION,30,GREEN,True,False,24,/home/trimem-runner/skhynix-architecture-scale-001/pipeline-v13/learning-240/captures/8f62b78a296f5a97e7d351f7735e428dc86883ae3211d79f2e9ecc0f7e6ef81d.json
swebench--sphinx-doc__sphinx-7234,UNDETERMINED,0840402f731c0030e6eb3a7ee10e7313e1df1f0fdcb1e427a4c0a1a98c6e8d55,episode:ed4b353cd6fdd50873094499f3a88d30b00862f427d8f2b43a4baa06b30b8b85,dispatch-overloads,COMPLETED_SUBGOAL,37,,False,True,24,/home/trimem-runner/skhynix-architecture-scale-001/pipeline-v13/learning-240/captures/0840402f731c0030e6eb3a7ee10e7313e1df1f0fdcb1e427a4c0a1a98c6e8d55.json
swebench--sphinx-doc__sphinx-7234,UNDETERMINED,026e57d9867d636153f2f69e3a2fc15c807cab8674ffbd1673336b4ecd7097c8,episode:ba8a6b624b8719320a809f1558cc6499e6bf604636910f52787b115586ccffa3,compatibility,PUBLIC_TEST_OBSERVATION,59,RED,False,False,0,/home/trimem-runner/skhynix-architecture-scale-001/pipeline-v13/learning-240/captures/026e57d9867d636153f2f69e3a2fc15c807cab8674ffbd1673336b4ecd7097c8.json
swebench--sphinx-doc__sphinx-7234,UNDETERMINED,3f574db3715f270ec9f92bbd165dc9c87358124fdcafe91b22bc2bd50c451f25,episode:02b912bd2c3b1ecb3dbbb5932998ead42e73432ab2039c552ba9e633903a2ca3,compatibility,PUBLIC_TEST_OBSERVATION,63,RED,False,False,0,/home/trimem-runner/skhynix-architecture-scale-001/pipeline-v13/learning-240/captures/3f574db3715f270ec9f92bbd165dc9c87358124fdcafe91b22bc2bd50c451f25.json
swebench--sphinx-doc__sphinx-7234,UNDETERMINED,c269a6da7a239ff023885152d8d7697c3acdeece9b54e86b3e66a3248c2fa97f,episode:f4969abc2ffe3f952025d4af9552230dc716c88bdf11c03ba4082b49dd9b631f,compatibility,PUBLIC_TEST_OBSERVATION,67,GREEN,True,False,0,/home/trimem-runner/skhynix-architecture-scale-001/pipeline-v13/learning-240/captures/c269a6da7a239ff023885152d8d7697c3acdeece9b54e86b3e66a3248c2fa97f.json
swebench--sphinx-doc__sphinx-7234,UNDETERMINED,6d70bc5b5db7d05f099b8d68c668692ffb83032502a2662b6dc0537c61608012,episode:b89e9bc33941c5ef45b4fa0e60083bf78581bd843726da2c81b0558a78ef4207,compatibility,PUBLIC_TEST_OBSERVATION,68,RED,False,False,0,/home/trimem-runner/skhynix-architecture-scale-001/pipeline-v13/learning-240/captures/6d70bc5b5db7d05f099b8d68c668692ffb83032502a2662b6dc0537c61608012.json
swebench--sphinx-doc__sphinx-7234,UNDETERMINED,48f8083044bcaec21327fccf76965df11381da4bec01f481e0fd074fee896a01,episode:756c77247548d90a5f1483396de53bb411898f11ba1ca0c9f48c2d7da40384bb,compatibility,PUBLIC_TEST_OBSERVATION,76,GREEN,True,False,0,/home/trimem-runner/skhynix-architecture-scale-001/pipeline-v13/learning-240/captures/48f8083044bcaec21327fccf76965df11381da4bec01f481e0fd074fee896a01.json
swebench--sphinx-doc__sphinx-7234,UNDETERMINED,8bcc52c82b5e1effa7aada028e3c79592ffff69fa99ced44a07328d54ddbf629,episode:0e9bf49f3a8a45cc7cf0df0635d97a7bf21cbb4a5519c5190f8122a182f88155,compatibility,PUBLIC_TEST_OBSERVATION,80,GREEN,True,False,0,/home/trimem-runner/skhynix-architecture-scale-001/pipeline-v13/learning-240/captures/8bcc52c82b5e1effa7aada028e3c79592ffff69fa99ced44a07328d54ddbf629.json
swebench--sphinx-doc__sphinx-7234,UNDETERMINED,1461d8a1e7b908697479d040e029caa12e87f52f9344588e1a188b46ca44b241,episode:c1a8d510deabdd1e6f026313642d386535fba9ab6f2db76f91d192508e08bc42,compatibility,COMPLETED_SUBGOAL,83,,False,True,0,/home/trimem-runner/skhynix-architecture-scale-001/pipeline-v13/learning-240/captures/1461d8a1e7b908697479d040e029caa12e87f52f9344588e1a188b46ca44b241.json
swebench--sphinx-doc__sphinx-7268,RESOLVED,02f5ec2bb6a61744ff701b9b45ac7084145145356ba6e65945db83c1a48e0cd1,episode:311ca90ef9162371968454d9ad9c31461b201723e923b1df5e1f3ac5f6b90619,automatic_typehints,PUBLIC_TEST_OBSERVATION,12,RED,False,False,10,/home/trimem-runner/skhynix-architecture-scale-001/pipeline-v13/learning-240/captures/02f5ec2bb6a61744ff701b9b45ac7084145145356ba6e65945db83c1a48e0cd1.json
swebench--sphinx-doc__sphinx-7268,RESOLVED,d27d12b7cb4dba58f0a1d2949c5d85113d05a01f73558e69f4578749bf093b15,episode:5847af609fe47be4c2856ee4b2900f9699104d3e0c982a29db8b94fed696175c,automatic_typehints,PUBLIC_TEST_OBSERVATION,15,GREEN,True,False,10,/home/trimem-runner/skhynix-architecture-scale-001/pipeline-v13/learning-240/captures/d27d12b7cb4dba58f0a1d2949c5d85113d05a01f73558e69f4578749bf093b15.json
swebench--sphinx-doc__sphinx-7268,RESOLVED,511629dff81b7b46fed2b9fc45ca230af6d51e46d77051dc1990966596611128,episode:76d43da76e657efa9e4b50e425d23494a3edad3b50a00a94663d781346569cfe,automatic_typehints,COMPLETED_SUBGOAL,16,,True,True,10,/home/trimem-runner/skhynix-architecture-scale-001/pipeline-v13/learning-240/captures/511629dff81b7b46fed2b9fc45ca230af6d51e46d77051dc1990966596611128.json
swebench--sphinx-doc__sphinx-7268,RESOLVED,ac5cfc7cc4e205be67e6a8971a05fa27dae687804ad5d3514148c361832b682a,episode:c3dcdfc43a7dd27aef3c0ecc7bbbf94249a3ef5510d71ed7851df76f749ea3c9,typehints_compatibility,PUBLIC_TEST_OBSERVATION,41,GREEN,True,False,0,/home/trimem-runner/skhynix-architecture-scale-001/pipeline-v13/learning-240/captures/ac5cfc7cc4e205be67e6a8971a05fa27dae687804ad5d3514148c361832b682a.json
swebench--sphinx-doc__sphinx-7268,RESOLVED,38caa2691946e2996bba8d6bc37bfa78c86ed1a1ea9601ef846f6bf80a0863c1,episode:5ad3aeffd3b06b329c01446a760483a0372c9cf2e91d9120113e1a7473c0c97b,typehints_compatibility,PUBLIC_TEST_OBSERVATION,45,GREEN,True,False,0,/home/trimem-runner/skhynix-architecture-scale-001/pipeline-v13/learning-240/captures/38caa2691946e2996bba8d6bc37bfa78c86ed1a1ea9601ef846f6bf80a0863c1.json
swebench--sphinx-doc__sphinx-7268,RESOLVED,03b263d2d02a25c4e6ec1d849303d4cef4e863d1ee3d3a6ff592e07661b658c7,episode:6d357e540714e774873a71b378d333688d9596e46e40119f5e74e4bde96df4cf,typehints_compatibility,COMPLETED_SUBGOAL,49,,True,True,0,/home/trimem-runner/skhynix-architecture-scale-001/pipeline-v13/learning-240/captures/03b263d2d02a25c4e6ec1d849303d4cef4e863d1ee3d3a6ff592e07661b658c7.json
swebench--sphinx-doc__sphinx-7854,RESOLVED,a9cf806d8f3cff78bc7feea3da8a5a70f84752c4adfea1805f4ad3854a88c59b,episode:229a247c5797188c2e8b56d841e62befa2b737ed5d08eeb735ca6355892f9331,gnu-arguments,PUBLIC_TEST_OBSERVATION,15,GREEN,True,False,12,/home/trimem-runner/skhynix-architecture-scale-001/pipeline-v13/learning-240/captures/a9cf806d8f3cff78bc7feea3da8a5a70f84752c4adfea1805f4ad3854a88c59b.json
swebench--sphinx-doc__sphinx-7854,RESOLVED,a761bc939ccc04a7c6284191c787030c8e23e02c0e6f2caaf2059b6fb55d649f,episode:24481f58dc9bc9a9b1d50acfc0d7be3562fdcbd3c77e77db42482c9c9479f54b,gnu-arguments,COMPLETED_SUBGOAL,16,,True,True,12,/home/trimem-runner/skhynix-architecture-scale-001/pipeline-v13/learning-240/captures/a761bc939ccc04a7c6284191c787030c8e23e02c0e6f2caaf2059b6fb55d649f.json
swebench--sphinx-doc__sphinx-7854,RESOLVED,06a331cfa731d0e29c390054a19fb888e65ae6c43fbd838abb6c78d722672ba0,episode:46b2a558d49947ecdd6baf6b6d6434c93ee346860f571da264d12a1eac2a8cf8,gnu-invariants,PUBLIC_TEST_OBSERVATION,27,GREEN,True,False,0,/home/trimem-runner/skhynix-architecture-scale-001/pipeline-v13/learning-240/captures/06a331cfa731d0e29c390054a19fb888e65ae6c43fbd838abb6c78d722672ba0.json
swebench--sphinx-doc__sphinx-7854,RESOLVED,507b25129794729d7e42881e7f8936dd918812adedbcb8e63c10baf0cdc8c566,episode:eb1f9f53f3c943eb3846e50e51bd0ee6afcdb0909d05b1a614b6fd22fd220fa9,gnu-invariants,COMPLETED_SUBGOAL,32,,False,True,0,/home/trimem-runner/skhynix-architecture-scale-001/pipeline-v13/learning-240/captures/507b25129794729d7e42881e7f8936dd918812adedbcb8e63c10baf0cdc8c566.json
swebench--sphinx-doc__sphinx-8506,UNRESOLVED,ab49317b970e8c57e34edf78303d675bb47a5450e0b76d55cc526eceac5fd339,episode:bfe78ed4f3c73321f79d5f8e3e22dfcc5ad4f0808052e594661d8168ecedd21d,permissive_options,PUBLIC_TEST_OBSERVATION,8,RED,False,False,11,/home/trimem-runner/skhynix-architecture-scale-001/pipeline-v13/learning-240/captures/ab49317b970e8c57e34edf78303d675bb47a5450e0b76d55cc526eceac5fd339.json
swebench--sphinx-doc__sphinx-8506,UNRESOLVED,9f962cd4bd15354cc733a11d4e6451452a414532ec0e7af36d06a9b49de740ae,episode:d4e443d3fe6a909d76580af244064db70cfc618cd5f810d827533887aae2fc16,permissive_options,PUBLIC_TEST_OBSERVATION,10,RED,False,False,11,/home/trimem-runner/skhynix-architecture-scale-001/pipeline-v13/learning-240/captures/9f962cd4bd15354cc733a11d4e6451452a414532ec0e7af36d06a9b49de740ae.json
swebench--sphinx-doc__sphinx-8506,UNRESOLVED,f91a38d867e7021f2a48510edd1864d9af2425daf69fac251207ee044048e9aa,episode:7400842d1a096a6b4f2d3f17aec8d44e988d0b208de2a1b28cdac73bc9bc7a3e,permissive_options,PUBLIC_TEST_OBSERVATION,12,GREEN,True,False,11,/home/trimem-runner/skhynix-architecture-scale-001/pipeline-v13/learning-240/captures/f91a38d867e7021f2a48510edd1864d9af2425daf69fac251207ee044048e9aa.json
swebench--sphinx-doc__sphinx-8506,UNRESOLVED,d04649c00881ac76b02ed538bc5dcbf6a94bbd1a95a30b586fdb8e882542baa4,episode:50ee0cf21033af542a2f0666a8eb7e59ec633916114b95266fee4c373fc1435e,permissive_options,COMPLETED_SUBGOAL,13,,True,True,11,/home/trimem-runner/skhynix-architecture-scale-001/pipeline-v13/learning-240/captures/d04649c00881ac76b02ed538bc5dcbf6a94bbd1a95a30b586fdb8e882542baa4.json
swebench--sphinx-doc__sphinx-8506,UNRESOLVED,e4ff7e1ff0e5aa48c873d1e2dfbc549fb33f5f69021c0fa718cead2001a885a1,episode:5b1a6985fdf92bceb5987d9fe7911302bb5a38bf98a6533d4c95a623ab8c1c2b,option_compatibility,PUBLIC_TEST_OBSERVATION,23,RED,False,False,0,/home/trimem-runner/skhynix-architecture-scale-001/pipeline-v13/learning-240/captures/e4ff7e1ff0e5aa48c873d1e2dfbc549fb33f5f69021c0fa718cead2001a885a1.json
swebench--sphinx-doc__sphinx-8506,UNRESOLVED,52eda32def42806210c760a4cf547f20a00cba07c0c6c777c374aa7a3b01998b,episode:a467f8b8d433688c68bf2666530431ab6013dd97959ded438f3bc9a53ce1d2bc,option_compatibility,PUBLIC_TEST_OBSERVATION,25,RED,False,False,0,/home/trimem-runner/skhynix-architecture-scale-001/pipeline-v13/learning-240/captures/52eda32def42806210c760a4cf547f20a00cba07c0c6c777c374aa7a3b01998b.json
swebench--sphinx-doc__sphinx-8506,UNRESOLVED,beac3b58beddbdc0dbde6ce73358133fce2afdcfe87a62f7930c43031612dfee,episode:5db41a1649921c04de1bbbddc5b8466c9b9a6bec7be682ca4dea13f84eecb088,option_compatibility,PUBLIC_TEST_OBSERVATION,27,RED,False,False,0,/home/trimem-runner/skhynix-architecture-scale-001/pipeline-v13/learning-240/captures/beac3b58beddbdc0dbde6ce73358133fce2afdcfe87a62f7930c43031612dfee.json
swebench--sphinx-doc__sphinx-8506,UNRESOLVED,4cab7031adf1e871934fdaba1623383478945d4e7ea0da063cd7204b9d466990,episode:5cb201e29b254c9df4097e7066f83f98ccf99e806146985879387f25df699e70,option_compatibility,PUBLIC_TEST_OBSERVATION,28,GREEN,True,False,0,/home/trimem-runner/skhynix-architecture-scale-001/pipeline-v13/learning-240/captures/4cab7031adf1e871934fdaba1623383478945d4e7ea0da063cd7204b9d466990.json
swebench--sphinx-doc__sphinx-8506,UNRESOLVED,5c305a8f3f51c2ccf9596d5fc27cda1ff92f6ce810c27b53920181a4205d402d,episode:7366e10a0edaa507114f8b728112c2c572a0af91496df0c0943fe0445a8540fd,option_compatibility,COMPLETED_SUBGOAL,33,,False,True,0,/home/trimem-runner/skhynix-architecture-scale-001/pipeline-v13/learning-240/captures/5c305a8f3f51c2ccf9596d5fc27cda1ff92f6ce810c27b53920181a4205d402d.json
swebench--sphinx-doc__sphinx-8579,UNRESOLVED,734f79c3ba813b8a883a03332c48ce5aaceb0e7ce03f55e8d588900e719ab416,episode:cfdd867ad92766e508bc53067ad08a84cfc8f4a2d893de4021b432dba47745a4,queue-ordering,PUBLIC_TEST_OBSERVATION,27,GREEN,True,False,13,/home/trimem-runner/skhynix-architecture-scale-001/pipeline-v13/learning-240/captures/734f79c3ba813b8a883a03332c48ce5aaceb0e7ce03f55e8d588900e719ab416.json
swebench--sphinx-doc__sphinx-8579,UNRESOLVED,ae22614e1f4ebca2c284fe1012c0be24f6079fcc2b93eed2546a0127bfeb94db,episode:cbe1f79d79cea0a5d2358414d72849b7cc9e194e7be3c0cb147dcd7d5aaa5e19,queue-ordering,COMPLETED_SUBGOAL,32,,False,True,13,/home/trimem-runner/skhynix-architecture-scale-001/pipeline-v13/learning-240/captures/ae22614e1f4ebca2c284fe1012c0be24f6079fcc2b93eed2546a0127bfeb94db.json
swebench--sphinx-doc__sphinx-8579,UNRESOLVED,35f1d8beddc4d4df093d00384123a04b022dd6e941ce19e61471793fb906fe68,episode:5d0dde58d19eb51f0f9d7f66ea2354cc217a425e1fa217362fc6b8a6aea136be,retry-shutdown,PUBLIC_TEST_OBSERVATION,36,GREEN,True,False,0,/home/trimem-runner/skhynix-architecture-scale-001/pipeline-v13/learning-240/captures/35f1d8beddc4d4df093d00384123a04b022dd6e941ce19e61471793fb906fe68.json
swebench--sphinx-doc__sphinx-8579,UNRESOLVED,2ce1f4b6c7fae3c1da3eb21deee05015ae69abeb40fb87f840a035ab98bdef28,episode:ba8ef3f0a447810c5365199079fb039e326d3fa3465833cd9a8f80d32e873d82,retry-shutdown,PUBLIC_TEST_OBSERVATION,43,GREEN,True,False,0,/home/trimem-runner/skhynix-architecture-scale-001/pipeline-v13/learning-240/captures/2ce1f4b6c7fae3c1da3eb21deee05015ae69abeb40fb87f840a035ab98bdef28.json
swebench--sphinx-doc__sphinx-8579,UNRESOLVED,912f884e805a474fc460bc4b2ad14b2de8e188e790cca1e2e6aea2c395a86185,episode:6411bc61993b3b432b11e2e2c09166208770c45cf32cc3657a65af4dfa309b33,retry-shutdown,COMPLETED_SUBGOAL,49,,True,True,0,/home/trimem-runner/skhynix-architecture-scale-001/pipeline-v13/learning-240/captures/912f884e805a474fc460bc4b2ad14b2de8e188e790cca1e2e6aea2c395a86185.json
swebench--sphinx-doc__sphinx-9171,UNRESOLVED,1b1480f9a17f8c9ee0f066fe00302990bf095385e50f57bda1cf85a13b9859c8,episode:01eb99df8eaad1e7e70d3cf2dafd275d1229b3a0cf29c14531bfa525c2b6733a,class-signature,PUBLIC_TEST_OBSERVATION,11,RED,False,False,13,/home/trimem-runner/skhynix-architecture-scale-001/pipeline-v13/learning-240/captures/1b1480f9a17f8c9ee0f066fe00302990bf095385e50f57bda1cf85a13b9859c8.json
swebench--sphinx-doc__sphinx-9171,UNRESOLVED,e64cd07d0c57d87c1c5ab748e920d6bdd99a75e7b61276e04536c385d88fd007,episode:f81350f2011d6403859873e059dee85e1d232f1833045d0bf22e3a8b246272cf,class-signature,PUBLIC_TEST_OBSERVATION,14,GREEN,True,False,13,/home/trimem-runner/skhynix-architecture-scale-001/pipeline-v13/learning-240/captures/e64cd07d0c57d87c1c5ab748e920d6bdd99a75e7b61276e04536c385d88fd007.json
swebench--sphinx-doc__sphinx-9171,UNRESOLVED,f781df9d166d8613ce819e338844826e0ab22987f2eeed06145bb5d4bd7f8e72,episode:8295be0bcc2c492e947ddeebbb840f04c4c69311bad0b1a314972d9f3e658f04,class-signature,PUBLIC_TEST_OBSERVATION,15,GREEN,True,False,13,/home/trimem-runner/skhynix-architecture-scale-001/pipeline-v13/learning-240/captures/f781df9d166d8613ce819e338844826e0ab22987f2eeed06145bb5d4bd7f8e72.json
swebench--sphinx-doc__sphinx-9171,UNRESOLVED,7331449381ceb8f559cf7d6ebf78fd57457372d1591e178892971c6c7c5ac14c,episode:b35e19b833f19365bd9636e746ce662517ca256f9ee68b0de45563ece873ac23,class-signature,COMPLETED_SUBGOAL,16,,True,True,13,/home/trimem-runner/skhynix-architecture-scale-001/pipeline-v13/learning-240/captures/7331449381ceb8f559cf7d6ebf78fd57457372d1591e178892971c6c7c5ac14c.json
swebench--sphinx-doc__sphinx-9171,UNRESOLVED,9ba13f711d891fba42fcd65936c61921144faceb08e057264125942032237d17,episode:065405f90eb9223fcecdae9a1c9129bc05f87f1e05bde950a14f363ee0d3f545,constructor-docs,PUBLIC_TEST_OBSERVATION,32,RED,False,False,0,/home/trimem-runner/skhynix-architecture-scale-001/pipeline-v13/learning-240/captures/9ba13f711d891fba42fcd65936c61921144faceb08e057264125942032237d17.json
swebench--sphinx-doc__sphinx-9171,UNRESOLVED,f03f8749ee0e0f7b461fdb9a1fd6fc39aad749ab6c2481f4094d94ef7ffc416d,episode:e7b6f24bd7b74887f6a880f02cc4b1cb8c250b7f0d2e33287f780fb1c7c8cb86,constructor-docs,PUBLIC_TEST_OBSERVATION,34,RED,False,False,0,/home/trimem-runner/skhynix-architecture-scale-001/pipeline-v13/learning-240/captures/f03f8749ee0e0f7b461fdb9a1fd6fc39aad749ab6c2481f4094d94ef7ffc416d.json
swebench--sphinx-doc__sphinx-9171,UNRESOLVED,201e00106cf546ede7622ca8763dd9611eb516cff9b46d22fde4e4430e8ce136,episode:2d2798bd5ef90d0b5cb72e5741523c6662b017cab45deab2271ff24525a0d3ca,constructor-docs,COMPLETED_SUBGOAL,43,,False,True,0,/home/trimem-runner/skhynix-architecture-scale-001/pipeline-v13/learning-240/captures/201e00106cf546ede7622ca8763dd9611eb516cff9b46d22fde4e4430e8ce136.json
swebench--sphinx-doc__sphinx-9309,RESOLVED,58d9a7afbb5d620452994f5181f04d3db0c6bc7d19c7086db357217ba29d092d,episode:7a31160f49062901ec7c294d8f59e6088492f0302daf3435c0257cb4349e1398,head-fallback,PUBLIC_TEST_OBSERVATION,10,RED,False,False,16,/home/trimem-runner/skhynix-architecture-scale-001/pipeline-v13/learning-240/captures/58d9a7afbb5d620452994f5181f04d3db0c6bc7d19c7086db357217ba29d092d.json
swebench--sphinx-doc__sphinx-9309,RESOLVED,a018361855ee96f407a46bf060bd8d26a88670d44ba4f6e671bddfc02881fa38,episode:afc1097fcd950c68e0b78ca732e5ec681f39b578ea4232eedffedb6c02b04760,head-fallback,PUBLIC_TEST_OBSERVATION,14,GREEN,True,False,16,/home/trimem-runner/skhynix-architecture-scale-001/pipeline-v13/learning-240/captures/a018361855ee96f407a46bf060bd8d26a88670d44ba4f6e671bddfc02881fa38.json
swebench--sphinx-doc__sphinx-9309,RESOLVED,d8aeecb3e8a18ea31f51f5c852624760f8539028a38a7819dd00d738ff66505f,episode:43b5e9febe802c8f73ac2cfd1da83378f6ab7139f70467290397c67e761bfad8,head-fallback,COMPLETED_SUBGOAL,15,,True,True,16,/home/trimem-runner/skhynix-architecture-scale-001/pipeline-v13/learning-240/captures/d8aeecb3e8a18ea31f51f5c852624760f8539028a38a7819dd00d738ff66505f.json
swebench--sphinx-doc__sphinx-9309,RESOLVED,a36e3643af604a3e718d1569f85c96b2a013596b0043421c95b39ddd77064400,episode:6dadd207ffa294b99a8cc15778f711d8a61ec4941b26f3ba19afcc3e039ae969,fallback-invariants,PUBLIC_TEST_OBSERVATION,21,GREEN,True,False,0,/home/trimem-runner/skhynix-architecture-scale-001/pipeline-v13/learning-240/captures/a36e3643af604a3e718d1569f85c96b2a013596b0043421c95b39ddd77064400.json
swebench--sphinx-doc__sphinx-9309,RESOLVED,28ab7c2ec816ccbec979615479042059cc8ae9ebadb65d0cd2a00111d7fb2847,episode:b4d34575809de1b1f3b4ea0e35486e982ec413d19276e3ebfdfecfdd8012cfc0,fallback-invariants,COMPLETED_SUBGOAL,27,,False,True,0,/home/trimem-runner/skhynix-architecture-scale-001/pipeline-v13/learning-240/captures/28ab7c2ec816ccbec979615479042059cc8ae9ebadb65d0cd2a00111d7fb2847.json
swebench--sphinx-doc__sphinx-9829,UNRESOLVED,181a9cda6dbe9d5202505722295a42410ede0cc069fe89e89151186200c1b01e,episode:6c5d6845c234025c49dbe5796846622d90c3860dfcbcbf49a41f42197e3304b4,mathjax-loading,PUBLIC_TEST_OBSERVATION,12,RED,False,False,10,/home/trimem-runner/skhynix-architecture-scale-001/pipeline-v13/learning-240/captures/181a9cda6dbe9d5202505722295a42410ede0cc069fe89e89151186200c1b01e.json
swebench--sphinx-doc__sphinx-9829,UNRESOLVED,305cb16ab5652c9308ee0752bea03f35c5e966c7730b63c9760c00494fc7d8eb,episode:99174fda385547a2530e0ff4b4883b5d3cd772b98088bf9615106714cb934917,mathjax-loading,PUBLIC_TEST_OBSERVATION,14,GREEN,True,False,10,/home/trimem-runner/skhynix-architecture-scale-001/pipeline-v13/learning-240/captures/305cb16ab5652c9308ee0752bea03f35c5e966c7730b63c9760c00494fc7d8eb.json
swebench--sphinx-doc__sphinx-9829,UNRESOLVED,337078176716819bd26bfa3757b7fb96d0a28638aceb48be8b63e619db1ae3b7,episode:16d41ed6368d0f6b44cc931339f89d76117a9432f3309dc0139041d9f0ea13ba,mathjax-loading,COMPLETED_SUBGOAL,15,,True,True,10,/home/trimem-runner/skhynix-architecture-scale-001/pipeline-v13/learning-240/captures/337078176716819bd26bfa3757b7fb96d0a28638aceb48be8b63e619db1ae3b7.json
swebench--sphinx-doc__sphinx-9829,UNRESOLVED,1593421c985cfb224d412ceec57b7b2520b0396ae9697488611ad76e02392e71,episode:167449a114d9ea23372dc2932964837972b2f5a96b7f95679e37e7dce1389c96,mathjax-docs,COMPLETED_SUBGOAL,26,,False,True,0,/home/trimem-runner/skhynix-architecture-scale-001/pipeline-v13/learning-240/captures/1593421c985cfb224d412ceec57b7b2520b0396ae9697488611ad76e02392e71.json
swebench--sympy__sympy-11232,UNRESOLVED,3a3eadea291a8305013e3357e27a927d683b51e8b3fbad2805aa492dec7cfd25,episode:39edd2f5a698482b074b3f1c81e5c6175f4c5e6a7e125db3b642c5ee955100b4,canonical-cse,COMPLETED_SUBGOAL,11,,False,True,11,/home/trimem-runner/skhynix-architecture-scale-001/pipeline-v13/learning-240/captures/3a3eadea291a8305013e3357e27a927d683b51e8b3fbad2805aa492dec7cfd25.json
swebench--sympy__sympy-11232,UNRESOLVED,adc19311d23629407a6b7c9ddb7d62afb7cb093828ff66025229155a253e3390,episode:ccb78c61c4024c260f317542c728b3863f0b16545f1826749befddbd131b0777,verify-cse-invariants,COMPLETED_SUBGOAL,17,,False,True,0,/home/trimem-runner/skhynix-architecture-scale-001/pipeline-v13/learning-240/captures/adc19311d23629407a6b7c9ddb7d62afb7cb093828ff66025229155a253e3390.json
swebench--sympy__sympy-11384,RESOLVED,5e90f0f7b7138f7afbe21998c7a70ab11734b3c1249f35cb5e25351675d44423,episode:578e873b2a7686615d807339cfa4c31deff2fe426a98d5f26369cd9e55f13988,infinite-printing,COMPLETED_SUBGOAL,32,,False,True,11,/home/trimem-runner/skhynix-architecture-scale-001/pipeline-v13/learning-240/captures/5e90f0f7b7138f7afbe21998c7a70ab11734b3c1249f35cb5e25351675d44423.json
swebench--sympy__sympy-11384,RESOLVED,da91ed6a1914fb144369ff6d579a00ae628db9daa542680765e743f678e8953a,episode:130cd8fbc80a4e6f5d267e293155f260a9ebb0a4e9c024ecfa110f74463e3f7a,series-invariants,COMPLETED_SUBGOAL,50,,False,True,0,/home/trimem-runner/skhynix-architecture-scale-001/pipeline-v13/learning-240/captures/da91ed6a1914fb144369ff6d579a00ae628db9daa542680765e743f678e8953a.json
swebench--sympy__sympy-11831,UNRESOLVED,2a1735723c75e8344f974ca224be80573d04ac04cd8c183fdcc9811a926c1cac,episode:be51a321b713507611a0fae295837f36cf76ca079112c4bbdc59cf66bbf600dc,symbolic_intersection,COMPLETED_SUBGOAL,14,,False,True,7,/home/trimem-runner/skhynix-architecture-scale-001/pipeline-v13/learning-240/captures/2a1735723c75e8344f974ca224be80573d04ac04cd8c183fdcc9811a926c1cac.json
swebench--sympy__sympy-11831,UNRESOLVED,af7b491ba42b08c97c8f29a6c66cc00f733e650191378aabd6248b0ea1108931,episode:125fa350f13fd9c18ff94d119e480bf62ad6089694ab96b2e179fe154b3b9f61,intersection_invariants,COMPLETED_SUBGOAL,20,,False,True,0,/home/trimem-runner/skhynix-architecture-scale-001/pipeline-v13/learning-240/captures/af7b491ba42b08c97c8f29a6c66cc00f733e650191378aabd6248b0ea1108931.json
swebench--sympy__sympy-12454,UNRESOLVED,b8a4ef5ed9f1496f160f5b798157b10a53d5a56a398ef8bbeef111d99d71abe3,episode:3a7c0ccf24b7ebc03a99f08e99f487f9811feec62a5c17c40e76d1e9872d43c7,tall_upper_bounds,COMPLETED_SUBGOAL,14,,False,True,2,/home/trimem-runner/skhynix-architecture-scale-001/pipeline-v13/learning-240/captures/b8a4ef5ed9f1496f160f5b798157b10a53d5a56a398ef8bbeef111d99d71abe3.json
swebench--sympy__sympy-12454,UNRESOLVED,2c00dc5346008ae3736bdafbd7d4d7eb2e60b7840807bafef0472d036932b041,episode:b1df58b30d4150ef04f5c7a9c75c845e503b02c68c1192f024da9dea3736e7f2,upper_shape_invariants,COMPLETED_SUBGOAL,28,,False,True,0,/home/trimem-runner/skhynix-architecture-scale-001/pipeline-v13/learning-240/captures/2c00dc5346008ae3736bdafbd7d4d7eb2e60b7840807bafef0472d036932b041.json
swebench--sympy__sympy-13018,UNRESOLVED,673314327e12921127289b7145bee66590c39b8278e369d72192f371172127f9,episode:2615661cb9e0f7d850433a055143d2b15cb85c2cd7aa02144ec00d51a7c16746,nc_power,COMPLETED_SUBGOAL,13,,False,True,9,/home/trimem-runner/skhynix-architecture-scale-001/pipeline-v13/learning-240/captures/673314327e12921127289b7145bee66590c39b8278e369d72192f371172127f9.json
swebench--sympy__sympy-13018,UNRESOLVED,9f5de639ceef2abef74f4c794d483f5bc44096312ae8ce5c1b7953bb565f9b14,episode:5f3985acd86ce8c8820f7bff3c219984821168a2aa14d60a634b5f0ee907b4a2,compatibility,COMPLETED_SUBGOAL,26,,False,True,0,/home/trimem-runner/skhynix-architecture-scale-001/pipeline-v13/learning-240/captures/9f5de639ceef2abef74f4c794d483f5bc44096312ae8ce5c1b7953bb565f9b14.json
swebench--sympy__sympy-13198,UNRESOLVED,36ee0b5b770c956fb36b10cad56c2d22bdfea7e77ef30e45d599ea9c230939d4,episode:71d32f4bb604ea7c8c02abce98a586c1bd29f826b60efb05140b9abd9ca3c833,float_factor,COMPLETED_SUBGOAL,21,,False,True,8,/home/trimem-runner/skhynix-architecture-scale-001/pipeline-v13/learning-240/captures/36ee0b5b770c956fb36b10cad56c2d22bdfea7e77ef30e45d599ea9c230939d4.json
swebench--sympy__sympy-13198,UNRESOLVED,5fd729e8f50a0f8682e524ec0d0a013b37bc58ef45475b96b8a67b8a44696ab0,episode:2f6947bbfbd2a5cb4c6af6fcfb76045ed85e15ce3921020220f0e7158f3f8cbc,matrix_simplify,COMPLETED_SUBGOAL,41,,False,True,0,/home/trimem-runner/skhynix-architecture-scale-001/pipeline-v13/learning-240/captures/5fd729e8f50a0f8682e524ec0d0a013b37bc58ef45475b96b8a67b8a44696ab0.json
swebench--sympy__sympy-13437,UNRESOLVED,505beefe11e82eca8a315e5b40ba56ec89a40c499d8327c22b347f948dd0ed0b,episode:9293feb4b5aaa7e4cc2c01ace8649b22a73038828e02e10432d923e2cbdc4728,bell-infinity,COMPLETED_SUBGOAL,13,,False,True,5,/home/trimem-runner/skhynix-architecture-scale-001/pipeline-v13/learning-240/captures/505beefe11e82eca8a315e5b40ba56ec89a40c499d8327c22b347f948dd0ed0b.json
swebench--sympy__sympy-13437,UNRESOLVED,c8a62cfa100b834cfb1ff52ce8aa536e025d5fdcf0741a8ec878fac5219135c0,episode:d8e4d1fd0120b6a1d3ceef5a918748403eee518617ae0586fb36cc41dcc52dd2,bell-compatibility,COMPLETED_SUBGOAL,22,,False,True,0,/home/trimem-runner/skhynix-architecture-scale-001/pipeline-v13/learning-240/captures/c8a62cfa100b834cfb1ff52ce8aa536e025d5fdcf0741a8ec878fac5219135c0.json
swebench--sympy__sympy-16085,RESOLVED,b9bcf156001c07ac4c35ec2f346582ac30defb6e0756f197f82fd120688ad404,episode:1e23219255a4c85aee75c46bd96859a250fdde55e751e10463189bc3b6a69b05,base-assumptions,COMPLETED_SUBGOAL,19,,False,True,11,/home/trimem-runner/skhynix-architecture-scale-001/pipeline-v13/learning-240/captures/b9bcf156001c07ac4c35ec2f346582ac30defb6e0756f197f82fd120688ad404.json
swebench--sympy__sympy-16085,RESOLVED,5cf5d4af962578ab6a8bd195122b3a242f40028d7749403b3607d1553388f0db,episode:e64016a821310c6c5856b520f2cf2f97d6e2dee818043704900caf53d0b0fabb,element-assumptions,COMPLETED_SUBGOAL,34,,False,True,0,/home/trimem-runner/skhynix-architecture-scale-001/pipeline-v13/learning-240/captures/5cf5d4af962578ab6a8bd195122b3a242f40028d7749403b3607d1553388f0db.json
swebench--sympy__sympy-16437,UNRESOLVED,73600ce203d292068f37c837a1c04588f56fe4835f2a451a833aaa633dc99696,episode:72935a32b46df331ea7400d297a5ddd5f5d5bd337fba60221d6995ee3d5825ab,float_underscores,COMPLETED_SUBGOAL,14,,False,True,8,/home/trimem-runner/skhynix-architecture-scale-001/pipeline-v13/learning-240/captures/73600ce203d292068f37c837a1c04588f56fe4835f2a451a833aaa633dc99696.json
swebench--sympy__sympy-16437,UNRESOLVED,c78afe7f5cd1d632cea057562b375190281924f92c335e8ea36c81054161b5c1,episode:b39d505694fdefe9d3452764bdc14964c3aada0bd7cae77876f4ad91822976c8,float_compatibility,COMPLETED_SUBGOAL,25,,False,True,0,/home/trimem-runner/skhynix-architecture-scale-001/pipeline-v13/learning-240/captures/c78afe7f5cd1d632cea057562b375190281924f92c335e8ea36c81054161b5c1.json
swebench--sympy__sympy-16527,UNRESOLVED,3563bdde85fb9d86c4845af877cdb3e9a70b760db3aed6ba885e5dcf78246b2b,episode:aa95462f65f3b7b8571556b7ae9f3694929afe8da7a04d80be44ce2a33073ea7,rational_grouping,COMPLETED_SUBGOAL,22,,False,True,7,/home/trimem-runner/skhynix-architecture-scale-001/pipeline-v13/learning-240/captures/3563bdde85fb9d86c4845af877cdb3e9a70b760db3aed6ba885e5dcf78246b2b.json
swebench--sympy__sympy-16527,UNRESOLVED,879c5b492d2c62721876eb08f21f03e289e93c78c3fd5c4ff2ab6fdb7765af06,episode:879fb42b874287adf4cd1b4a8a24224c72b8e4e7eba1f121c87f1f3ff9d8e55e,collection_invariants,COMPLETED_SUBGOAL,42,,False,True,0,/home/trimem-runner/skhynix-architecture-scale-001/pipeline-v13/learning-240/captures/879c5b492d2c62721876eb08f21f03e289e93c78c3fd5c4ff2ab6fdb7765af06.json
swebench--sympy__sympy-18087,RESOLVED,7a0b6ae4815ff8f3745db8607646300931172febe1eb16819a2b9844eb0e5264,episode:9caa88691e3fa008fdf95139e82f535b04bf44873e9935b34a6d3bc8fbdb51dc,complex-radical,COMPLETED_SUBGOAL,21,,False,True,0,/home/trimem-runner/skhynix-architecture-scale-001/pipeline-v13/learning-240/captures/7a0b6ae4815ff8f3745db8607646300931172febe1eb16819a2b9844eb0e5264.json
swebench--sympy__sympy-18087,RESOLVED,c7edcf4af3448e061f02478b0d70b615e479d7b0dd7ff4e0afe9739028acce15,episode:a12a1d3f28f4be27ddd7929c81a56b8bc1ed49d7d28043de098afbe86e03afdd,assumption-validation,COMPLETED_SUBGOAL,35,,False,True,0,/home/trimem-runner/skhynix-architecture-scale-001/pipeline-v13/learning-240/captures/c7edcf4af3448e061f02478b0d70b615e479d7b0dd7ff4e0afe9739028acce15.json
swebench--sympy__sympy-18765,RESOLVED,e584297ac8587d7ff47dd5de8046e32e1e35b36ee730a3f0d0ac85dbefdbab8a,episode:7fefa29118e41e70e96ad0e2b93a4a16861a01e21f5f524099c5cf581da6ce7d,matadd-evaluate,COMPLETED_SUBGOAL,15,,False,True,6,/home/trimem-runner/skhynix-architecture-scale-001/pipeline-v13/learning-240/captures/e584297ac8587d7ff47dd5de8046e32e1e35b36ee730a3f0d0ac85dbefdbab8a.json
swebench--sympy__sympy-18765,RESOLVED,73fb226db920bd6cbff8ef9a56f24824dbf1daa81195fd82bc39d2c12c6c95e8,episode:4994dd3755b65304997ee64fcb8bf23f659b18a7604581301ca62cc465e5cd1d,matmul-evaluate,COMPLETED_SUBGOAL,29,,False,True,0,/home/trimem-runner/skhynix-architecture-scale-001/pipeline-v13/learning-240/captures/73fb226db920bd6cbff8ef9a56f24824dbf1daa81195fd82bc39d2c12c6c95e8.json
swebench--sympy__sympy-21259,UNRESOLVED,870d1fb280bbd5882ef12da1f78b0e64eab179289f1d36dfaa068b2ec94ad895,episode:ec7db4683716d1bf9330f44e7c60cb6163f9c371c6854865775b0caa3b8e5d32,stepped_membership,COMPLETED_SUBGOAL,18,,False,True,12,/home/trimem-runner/skhynix-architecture-scale-001/pipeline-v13/learning-240/captures/870d1fb280bbd5882ef12da1f78b0e64eab179289f1d36dfaa068b2ec94ad895.json
swebench--sympy__sympy-21259,UNRESOLVED,ce2c24c40787d2d2d062b591167fd16fca47d6c55d71374c6d439655733dff3b,episode:72afe6cc9aabe88239bfc74dc2f24e375f2ea62e6ca6220edbe35c5454dc4ca5,range_boundaries,COMPLETED_SUBGOAL,30,,False,True,0,/home/trimem-runner/skhynix-architecture-scale-001/pipeline-v13/learning-240/captures/ce2c24c40787d2d2d062b591167fd16fca47d6c55d71374c6d439655733dff3b.json
swebench--sympy__sympy-23021,UNRESOLVED,335da12a29ffeb7daa8b2d120f92f5f06d93db79db95755aad37b2ebc32deb7f,episode:e8a47be8702dd335945d1c0706662f7b2e6bc3151e0f8d44ec18e55c60587779,minmax_support,PUBLIC_TEST_OBSERVATION,12,GREEN,True,False,4,/home/trimem-runner/skhynix-architecture-scale-001/pipeline-v13/learning-240/captures/335da12a29ffeb7daa8b2d120f92f5f06d93db79db95755aad37b2ebc32deb7f.json
swebench--sympy__sympy-23021,UNRESOLVED,52227cb8de32519fa17281b7285f5e70aa4543930feaf87b591900d2e6e22f4d,episode:32365774045e1d8b4f0ab60b47ccda5b43d407971f1f74e3cbe69b105f49b166,minmax_support,COMPLETED_SUBGOAL,16,,True,True,4,/home/trimem-runner/skhynix-architecture-scale-001/pipeline-v13/learning-240/captures/52227cb8de32519fa17281b7285f5e70aa4543930feaf87b591900d2e6e22f4d.json
swebench--sympy__sympy-23021,UNRESOLVED,52f2e0d435f8891b04958cfd15d0cb23b71e93c85e2d15f980a77e3d1942d5e3,episode:10cdc1a1226dd9d7ae94f8718ea74ed6e7ded1899b9cebc8311973b99c256f2f,composition_validation,PUBLIC_TEST_OBSERVATION,22,GREEN,True,False,0,/home/trimem-runner/skhynix-architecture-scale-001/pipeline-v13/learning-240/captures/52f2e0d435f8891b04958cfd15d0cb23b71e93c85e2d15f980a77e3d1942d5e3.json
swebench--sympy__sympy-23021,UNRESOLVED,0688cf7746ee2e4bdad22f63322d472b6e60f2d9bbc186c08e3c12dfc1362104,episode:3926b0c516c5e285e2fefacfa7244de237882b4209feb501789722e85ea0ddb2,composition_validation,COMPLETED_SUBGOAL,27,,True,True,0,/home/trimem-runner/skhynix-architecture-scale-001/pipeline-v13/learning-240/captures/0688cf7746ee2e4bdad22f63322d472b6e60f2d9bbc186c08e3c12dfc1362104.json
